abandon,2,2
abandoned,2,2
abandons,2,2
abducted,2,2
abduction,2,2
abductions,2,2
abhor,1,1
abhorred,1,1
abhorrent,1,1
abhors,1,1
abilities,4,4
ability,4,4
aboard,3,3
absentee,2,2
absentees,2,2
absolve,4,4
absolved,4,4
absolves,4,4
absolving,4,4
absorbed,3,3
abuse,1,1
abused,1,1
abuses,1,1
abusive,1,1
accept,3,3
accepted,3,3
accepting,3,3
accepts,3,3
accident,2,2
accidental,2,2
accidentally,2,2
accidents,2,2
accomplish,4,4
accomplished,4,4
accomplishes,4,4
accusation,2,2
accusations,2,2
accuse,2,2
accused,2,2
accuses,2,2
accusing,2,2
ache,2,2
achieve,5,5
achievable,3,3
aching,2,2
acquit,4,4
acquits,4,4
acquitted,4,4
acquitting,4,4
acrimonious,1,1
active,3,3
adequate,3,3
admire,4,4
admired,4,4
admires,4,4
admiring,4,4
admit,2,2
admits,2,2
admitted,2,2
admonish,2,2
admonished,2,2
adopt,3,3
adopts,3,3
adorable,4,4
adore,4,4
adored,4,4
adores,4,4
advanced,3,3
advantage,4,4
advantages,4,4
adventure,4,4
adventures,4,4
adventurous,4,4
affected,2,2
affection,4,4
affectionate,4,4
afflicted,2,2
affronted,2,2
afraid,2,2
aggravate,2,2
aggravated,2,2
aggravates,2,2
aggravating,2,2
aggression,2,2
aggressions,2,2
aggressive,2,2
aghast,2,2
agog,4,4
agonise,1,1
agonised,1,1
agonises,1,1
agonising,1,1
agonize,1,1
agonized,1,1
agonizes,1,1
agonizing,1,1
agree,3,3
agreeable,4,4
agreed,3,3
agreement,3,3
agrees,3,3
alarm,2,2
alarmed,2,2
alarmist,2,2
alarmists,2,2
alas,2,2
alert,2,2
alienation,2,2
alive,3,3
allergic,2,2
allow,3,3
alone,2,2
amaze,4,4
amazed,4,4
amazes,4,4
amazing,5,5
ambitious,4,4
ambivalent,2,2
amuse,4,4
amused,4,4
amusement,4,4
amusements,4,4
anger,1,1
angers,1,1
angry,1,1
anguish,1,1
anguished,1,1
animosity,2,2
annoy,2,2
annoyance,2,2
annoyed,2,2
annoying,2,2
annoys,2,2
antagonistic,2,2
anti,2,2
anticipation,3,3
anxiety,2,2
anxious,2,2
apathetic,1,1
apathy,1,1
apeshit,1,1
apocalyptic,2,2
apologise,2,2
apologised,2,2
apologises,2,2
apologising,2,2
apologize,2,2
apologized,2,2
apologizes,2,2
apologizing,2,2
apology,2,2
appalled,2,2
appalling,2,2
appease,4,4
appeased,4,4
appeases,4,4
appeasing,4,4
applaud,4,4
applauded,4,4
applauding,4,4
applauds,4,4
applause,4,4
appreciate,4,4
appreciated,4,4
appreciates,4,4
appreciating,4,4
appreciation,4,4
apprehensive,2,2
approval,4,4
approved,4,4
approves,4,4
ardent,3,3
arrest,2,2
arrested,1,1
arrests,2,2
arrogant,2,2
ashame,2,2
ashamed,2,2
ass,1,1
assassination,1,1
assassinations,1,1
asset,4,4
assets,4,4
assfucking,1,1
asshole,1,1
astonished,4,4
astound,4,4
astounded,4,4
astounding,4,4
astoundingly,4,4
astounds,4,4
attack,2,2
attacked,2,2
attacking,2,2
attacks,2,2
attract,3,3
attracted,3,3
attracting,4,4
attraction,4,4
attractions,4,4
attracts,3,3
audacious,4,4
authority,3,3
avert,2,2
averted,2,2
averts,2,2
avid,4,4
avoid,2,2
avoided,2,2
avoids,2,2
await,2,2
awaited,2,2
awaits,2,2
award,4,4
awarded,4,4
awards,4,4
awesome,5,5
awful,1,1
awkward,2,2
axe,2,2
axed,2,2
backed,3,3
backing,4,4
backs,3,3
bad,1,1
badass,1,1
badly,1,1
bailout,2,2
bamboozle,2,2
bamboozled,2,2
bamboozles,2,2
ban,2,2
banish,2,2
bankrupt,1,1
bankster,1,1
banned,2,2
bargain,4,4
barrier,2,2
bastard,0,0
bastards,0,0
battle,2,2
battles,2,2
beaten,2,2
beatific,4,4
beating,2,2
beauties,4,4
beautiful,4,4
beautifully,4,4
beautify,4,4
belittle,2,2
belittled,2,2
beloved,4,4
benefit,4,4
benefits,4,4
benefitted,4,4
benefitting,4,4
bereave,2,2
bereaved,2,2
bereaves,2,2
bereaving,2,2
best,4,4
betray,1,1
betrayal,1,1
betrayed,1,1
betraying,1,1
betrays,1,1
better,4,4
bias,2,2
biased,2,2
big,3,3
bitch,0,0
bitches,0,0
bitter,2,2
bitterly,2,2
bizarre,2,2
blah,2,2
blame,2,2
blamed,2,2
blames,2,2
blaming,2,2
bless,4,4
blesses,4,4
blessing,4,4
blind,2,2
bliss,4,4
blissful,4,4
blithe,4,4
block,2,2
blockbuster,4,4
blocked,2,2
blocking,2,2
blocks,2,2
bloody,1,1
blurry,2,2
boastful,2,2
bold,4,4
boldly,4,4
bomb,2,2
boost,3,3
boosted,3,3
boosting,3,3
boosts,3,3
bore,2,2
bored,2,2
boring,1,1
bother,2,2
bothered,2,2
bothers,2,2
bothersome,2,2
boycott,2,2
boycotted,2,2
boycotting,2,2
boycotts,2,2
brainwashing,1,1
brave,4,4
breakthrough,4,4
breathtaking,5,5
bribe,1,1
bright,3,3
brightest,4,4
brightness,3,3
brilliant,5,5
brisk,4,4
broke,2,2
broken,2,2
brooding,2,2
bullied,2,2
bullshit,1,1
bully,2,2
bullying,2,2
bummer,2,2
buoyant,4,4
burden,2,2
burdened,2,2
burdening,2,2
burdens,2,2
calm,4,4
calmed,4,4
calming,4,4
calms,4,4
can't stand,1,1
cancel,2,2
cancelled,2,2
cancelling,2,2
cancels,2,2
cancer,2,2
capable,3,3
captivated,4,4
care,4,4
carefree,3,3
careful,4,4
carefully,4,4
careless,2,2
cares,4,4
cashing in,2,2
casualty,2,2
catastrophe,1,1
catastrophic,1,1
cautious,2,2
celebrate,4,4
celebrated,4,4
celebrates,4,4
celebrating,4,4
censor,2,2
censored,2,2
censors,2,2
certain,3,3
chagrin,2,2
chagrined,2,2
challenge,2,2
chance,4,4
chances,4,4
chaos,2,2
chaotic,2,2
charged,1,1
charges,2,2
charm,4,4
charming,4,4
charmless,1,1
chastise,1,1
chastised,1,1
chastises,1,1
chastising,1,1
cheat,1,1
cheated,1,1
cheater,1,1
cheaters,1,1
cheats,1,1
cheer,4,4
cheered,4,4
cheerful,4,4
cheering,4,4
cheerless,2,2
cheers,4,4
cheery,4,4
cherish,4,4
cherished,4,4
cherishes,4,4
cherishing,4,4
chic,4,4
childish,2,2
chilling,2,2
choke,2,2
choked,2,2
chokes,2,2
choking,2,2
clarifies,4,4
clarity,4,4
clash,2,2
classy,4,4
clean,4,4
cleaner,4,4
clear,3,3
cleared,3,3
clearly,3,3
clears,3,3
clever,4,4
clouded,2,2
clueless,2,2
cock,0,0
cocksucker,0,0
cocksuckers,0,0
cocky,2,2
coerced,2,2
collapse,2,2
collapsed,2,2
collapses,2,2
collapsing,2,2
collide,2,2
collides,2,2
colliding,2,2
collision,2,2
collisions,2,2
colluding,1,1
combat,2,2
combats,2,2
comedy,3,3
comfort,4,4
comfortable,4,4
comforting,4,4
comforts,4,4
commend,4,4
commended,4,4
commit,3,3
commitment,4,4
commits,3,3
committed,3,3
committing,3,3
compassionate,4,4
compelled,3,3
competent,4,4
competitive,4,4
complacent,2,2
complain,2,2
complained,2,2
complains,2,2
comprehensive,4,4
conciliate,4,4
conciliated,4,4
conciliates,4,4
conciliating,4,4
condemn,2,2
condemnation,2,2
condemned,2,2
condemns,2,2
confidence,4,4
confident,4,4
conflict,2,2
conflicting,2,2
conflictive,2,2
conflicts,2,2
confuse,2,2
confused,2,2
confusing,2,2
congrats,4,4
congratulate,4,4
congratulation,4,4
congratulations,4,4
consent,4,4
consents,4,4
consolable,4,4
conspiracy,1,1
constrained,2,2
contagion,2,2
contagions,2,2
contagious,2,2
contempt,2,2
contemptuous,2,2
contemptuously,2,2
contend,2,2
contender,2,2
contending,2,2
contentious,2,2
contestable,2,2
controversial,2,2
controversially,2,2
convince,3,3
convinced,3,3
convinces,3,3
convivial,4,4
cool,3,3
cool stuff,4,4
cornered,2,2
corpse,2,2
costly,2,2
courage,4,4
courageous,4,4
courteous,4,4
courtesy,4,4
cover-up,1,1
coward,2,2
cowardly,2,2
coziness,4,4
cramp,2,2
crap,1,1
crash,2,2
crazier,2,2
craziest,2,2
crazy,2,2
creative,4,4
crestfallen,2,2
cried,2,2
cries,2,2
crime,1,1
criminal,1,1
criminals,1,1
crisis,1,1
critic,2,2
criticism,2,2
criticize,2,2
criticized,2,2
criticizes,2,2
criticizing,2,2
critics,2,2
cruel,1,1
cruelty,1,1
crush,2,2
crushed,2,2
crushes,2,2
crushing,2,2
cry,2,2
crying,2,2
cunt,0,0
curious,3,3
curse,2,2
cut,2,2
cute,4,4
cuts,2,2
cutting,2,2
cynic,2,2
cynical,2,2
cynicism,2,2
damage,1,1
damages,1,1
damn,1,1
damned,1,1
damnit,1,1
danger,2,2
daredevil,4,4
daring,4,4
darkest,2,2
darkness,2,2
dauntless,4,4
dead,1,1
deadlock,2,2
deafening,2,2
dear,4,4
dearly,4,4
death,2,2
debonair,4,4
debt,2,2
deceit,1,1
deceitful,1,1
deceive,1,1
deceived,1,1
deceives,1,1
deceiving,1,1
deception,1,1
decisive,3,3
dedicated,4,4
defeated,2,2
defect,1,1
defects,1,1
defender,4,4
defenders,4,4
defenseless,2,2
defer,2,2
deferring,2,2
defiant,2,2
deficit,2,2
degrade,2,2
degraded,2,2
degrades,2,2
dehumanize,2,2
dehumanized,2,2
dehumanizes,2,2
dehumanizing,2,2
deject,2,2
dejected,2,2
dejecting,2,2
dejects,2,2
delay,2,2
delayed,2,2
delight,4,4
delighted,4,4
delighting,4,4
delights,4,4
demand,2,2
demanded,2,2
demanding,2,2
demands,2,2
demonstration,2,2
demoralized,2,2
denied,2,2
denier,2,2
deniers,2,2
denies,2,2
denounce,2,2
denounces,2,2
deny,2,2
denying,2,2
depressed,2,2
depressing,2,2
derail,2,2
derailed,2,2
derails,2,2
deride,2,2
derided,2,2
derides,2,2
deriding,2,2
derision,2,2
desirable,4,4
desire,3,3
desired,4,4
desirous,4,4
despair,1,1
despairing,1,1
despairs,1,1
desperate,1,1
desperately,1,1
despondent,1,1
destroy,1,1
destroyed,1,1
destroying,1,1
destroys,1,1
destruction,1,1
destructive,1,1
detached,2,2
detain,2,2
detained,2,2
detention,2,2
determined,4,4
devastate,2,2
devastated,2,2
devastating,2,2
devoted,4,4
diamond,3,3
dick,1,1
dickhead,1,1
die,1,1
died,1,1
difficult,2,2
diffident,2,2
dilemma,2,2
dipshit,1,1
dire,1,1
direful,1,1
dirt,2,2
dirtier,2,2
dirtiest,2,2
dirty,2,2
disabling,2,2
disadvantage,2,2
disadvantaged,2,2
disappear,2,2
disappeared,2,2
disappears,2,2
disappoint,2,2
disappointed,2,2
disappointing,2,2
disappointment,2,2
disappointments,2,2
disappoints,2,2
disaster,2,2
disasters,2,2
disastrous,1,1
disbelieve,2,2
discard,2,2
discarded,2,2
discarding,2,2
discards,2,2
disconsolate,2,2
disconsolation,2,2
discontented,2,2
discord,2,2
discounted,2,2
discouraged,2,2
discredited,2,2
disdain,2,2
disgrace,2,2
disgraced,2,2
disguise,2,2
disguised,2,2
disguises,2,2
disguising,2,2
disgust,1,1
disgusted,1,1
disgusting,1,1
disheartened,2,2
dishonest,2,2
disillusioned,2,2
disinclined,2,2
disjointed,2,2
dislike,2,2
dismal,2,2
dismayed,2,2
disorder,2,2
disorganized,2,2
disoriented,2,2
disparage,2,2
disparaged,2,2
disparages,2,2
disparaging,2,2
displeased,2,2
dispute,2,2
disputed,2,2
disputes,2,2
disputing,2,2
disqualified,2,2
disquiet,2,2
disregard,2,2
disregarded,2,2
disregarding,2,2
disregards,2,2
disrespect,2,2
disrespected,2,2
disruption,2,2
disruptions,2,2
disruptive,2,2
dissatisfied,2,2
distort,2,2
distorted,2,2
distorting,2,2
distorts,2,2
distract,2,2
distracted,2,2
distraction,2,2
distracts,2,2
distress,2,2
distressed,2,2
distresses,2,2
distressing,2,2
distrust,1,1
distrustful,1,1
disturb,2,2
disturbed,2,2
disturbing,2,2
disturbs,2,2
dithering,2,2
dizzy,2,2
dodging,2,2
dodgy,2,2
does not work,1,1
dolorous,2,2
dont like,2,2
doom,2,2
doomed,2,2
doubt,2,2
doubted,2,2
doubtful,2,2
doubting,2,2
doubts,2,2
douche,1,1
douchebag,1,1
downcast,2,2
downhearted,2,2
downside,2,2
drag,2,2
dragged,2,2
drags,2,2
drained,2,2
dread,2,2
dreaded,2,2
dreadful,1,1
dreading,2,2
dream,3,3
dreams,3,3
dreary,2,2
droopy,2,2
drop,2,2
drown,2,2
drowned,2,2
drowns,2,2
drunk,2,2
dubious,2,2
dud,2,2
dull,2,2
dumb,1,1
dumbass,1,1
dump,2,2
dumped,2,2
dumps,2,2
dupe,2,2
duped,2,2
dysfunction,2,2
eager,4,4
earnest,4,4
ease,4,4
easy,3,3
ecstatic,5,5
eerie,2,2
eery,2,2
effective,4,4
effectively,4,4
elated,4,4
elation,4,4
elegant,4,4
elegantly,4,4
embarrass,2,2
embarrassed,2,2
embarrasses,2,2
embarrassing,2,2
embarrassment,2,2
embittered,2,2
embrace,3,3
emergency,2,2
empathetic,4,4
emptiness,2,2
empty,2,2
enchanted,4,4
encourage,4,4
encouraged,4,4
encouragement,4,4
encourages,4,4
endorse,4,4
endorsed,4,4
endorsement,4,4
endorses,4,4
enemies,2,2
enemy,2,2
energetic,4,4
engage,3,3
engages,3,3
engrossed,3,3
enjoy,4,4
enjoying,4,4
enjoys,4,4
enlighten,4,4
enlightened,4,4
enlightening,4,4
enlightens,4,4
ennui,2,2
enrage,2,2
enraged,2,2
enrages,2,2
enraging,2,2
enrapture,4,4
enslave,2,2
enslaved,2,2
enslaves,2,2
ensure,3,3
ensuring,3,3
enterprising,3,3
entertaining,4,4
enthral,4,4
enthusiastic,4,4
entitled,3,3
entrusted,4,4
envies,2,2
envious,2,2
envy,2,2
envying,2,2
erroneous,2,2
error,2,2
errors,2,2
escape,2,2
escapes,2,2
escaping,2,2
esteemed,4,4
ethical,4,4
euphoria,4,4
euphoric,5,5
eviction,2,2
evil,1,1
exaggerate,2,2
exaggerated,2,2
exaggerates,2,2
exaggerating,2,2
exasperated,4,4
excellence,4,4
excellent,4,4
excite,4,4
excited,4,4
excitement,4,4
exciting,4,4
exclude,2,2
excluded,2,2
exclusion,2,2
exclusive,4,4
excuse,2,2
exempt,2,2
exhausted,2,2
exhilarated,4,4
exhilarates,4,4
exhilarating,4,4
exonerate,4,4
exonerated,4,4
exonerates,4,4
exonerating,4,4
expand,3,3
expands,3,3
expel,2,2
expelled,2,2
expelling,2,2
expels,2,2
exploit,2,2
exploited,2,2
exploiting,2,2
exploits,2,2
exploration,3,3
explorations,3,3
expose,2,2
exposed,2,2
exposes,2,2
exposing,2,2
extend,3,3
extends,3,3
exuberant,5,5
exultant,4,4
exultantly,4,4
fabulous,5,5
fad,2,2
fag,1,1
faggot,1,1
faggots,1,1
fail,2,2
failed,2,2
failing,2,2
fails,2,2
failure,2,2
failures,2,2
fainthearted,2,2
fair,4,4
faith,3,3
faithful,4,4
fake,1,1
fakes,1,1
faking,1,1
fallen,2,2
falling,2,2
falsified,1,1
falsify,1,1
fame,3,3
fan,4,4
fantastic,5,5
farce,2,2
fascinate,4,4
fascinated,4,4
fascinates,4,4
fascinating,4,4
fascist,2,2
fascists,2,2
fatalities,1,1
fatality,1,1
fatigue,2,2
fatigued,2,2
fatigues,2,2
fatiguing,2,2
favor,4,4
favored,4,4
favorite,4,4
favorited,4,4
favorites,4,4
favors,4,4
fear,2,2
fearful,2,2
fearing,2,2
fearless,4,4
fearsome,2,2
fed up,1,1
feeble,2,2
feeling,3,3
felonies,1,1
felony,1,1
fervent,4,4
fervid,4,4
festive,4,4
fiasco,1,1
fidgety,2,2
fight,2,2
fine,4,4
fire,2,2
fired,2,2
firing,2,2
fit,3,3
fitness,3,3
flagship,4,4
flees,2,2
flop,2,2
flops,2,2
flu,2,2
flustered,2,2
focused,4,4
fond,4,4
fondness,4,4
fool,2,2
foolish,2,2
fools,2,2
forced,2,2
foreclosure,2,2
foreclosures,2,2
forget,2,2
forgetful,2,2
forgive,3,3
forgiving,3,3
forgotten,2,2
fortunate,4,4
frantic,2,2
fraud,1,1
frauds,1,1
fraudster,1,1
fraudsters,1,1
fraudulence,1,1
fraudulent,1,1
free,3,3
freedom,4,4
frenzy,1,1
fresh,3,3
friendly,4,4
fright,2,2
frightened,2,2
frightening,1,1
frikin,2,2
frisky,4,4
frowning,2,2
frustrate,2,2
frustrated,2,2
frustrates,2,2
frustrating,2,2
frustration,2,2
ftw,4,4
fuck,1,1
fucked,1,1
fucker,1,1
fuckers,1,1
fuckface,1,1
fuckhead,1,1
fucking,1,1
fucktard,1,1
fud,1,1
fuked,1,1
fuking,1,1
fulfill,4,4
fulfilled,4,4
fulfills,4,4
fuming,2,2
fun,5,5
funeral,2,2
funerals,2,2
funky,4,4
funnier,5,5
funny,5,5
furious,1,1
futile,4,4
gag,2,2
gagged,2,2
gain,4,4
gained,4,4
gaining,4,4
gains,4,4
gallant,4,4
gallantly,4,4
gallantry,4,4
generous,4,4
genial,4,4
ghost,2,2
giddy,2,2
gift,4,4
glad,4,4
glamorous,4,4
glamourous,4,4
glee,4,4
gleeful,4,4
gloom,2,2
gloomy,2,2
glorious,4,4
glory,4,4
glum,2,2
god,3,3
goddamn,1,1
godsend,5,5
good,4,4
goodness,4,4
grace,3,3
gracious,4,4
grand,4,4
grant,3,3
granted,3,3
granting,3,3
grants,3,3
grateful,4,4
gratification,4,4
grave,2,2
gray,2,2
great,4,4
greater,4,4
greatest,4,4
greed,1,1
greedy,2,2
green wash,1,1
green washing,1,1
greenwash,1,1
greenwasher,1,1
greenwashers,1,1
greenwashing,1,1
greet,3,3
greeted,3,3
greeting,3,3
greetings,4,4
greets,3,3
grey,2,2
grief,2,2
grieved,2,2
gross,2,2
growing,3,3
growth,4,4
guarantee,3,3
guilt,1,1
guilty,1,1
gullibility,2,2
gullible,2,2
gun,2,2
ha,4,4
hacked,2,2
haha,4,4
hahaha,4,4
hahahah,4,4
hail,4,4
hailed,4,4
hapless,2,2
haplessness,2,2
happiness,4,4
happy,4,4
hard,2,2
hardier,4,4
hardship,2,2
hardy,4,4
harm,2,2
harmed,2,2
harmful,2,2
harming,2,2
harms,2,2
harried,2,2
harsh,2,2
harsher,2,2
harshest,2,2
hate,1,1
hated,1,1
haters,1,1
hates,1,1
hating,1,1
haunt,2,2
haunted,2,2
haunting,3,3
haunts,2,2
havoc,2,2
healthy,4,4
heartbreaking,1,1
heartbroken,1,1
heartfelt,4,4
heaven,4,4
heavenly,5,5
heavyhearted,2,2
hell,1,1
help,4,4
helpful,4,4
helping,4,4
helpless,2,2
helps,4,4
hero,4,4
heroes,4,4
heroic,4,4
hesitant,2,2
hesitate,2,2
hid,2,2
hide,2,2
hides,2,2
hiding,2,2
highlight,4,4
hilarious,4,4
hindrance,2,2
hoax,2,2
homesick,2,2
honest,4,4
honor,4,4
honored,4,4
honoring,4,4
honour,4,4
honoured,4,4
honouring,4,4
hooligan,2,2
hooliganism,2,2
hooligans,2,2
hope,4,4
hopeful,4,4
hopefully,4,4
hopeless,2,2
hopelessness,2,2
hopes,4,4
hoping,4,4
horrendous,1,1
horrible,1,1
horrific,1,1
horrified,1,1
hostile,2,2
huckster,2,2
hug,4,4
huge,3,3
hugs,4,4
humerous,4,4
humiliated,1,1
humiliation,1,1
humor,4,4
humorous,4,4
humour,4,4
humourous,4,4
hunger,2,2
hurrah,5,5
hurt,2,2
hurting,2,2
hurts,2,2
hypocritical,2,2
hysteria,1,1
hysterical,1,1
hysterics,1,1
idiot,1,1
idiotic,1,1
ignorance,2,2
ignorant,2,2
ignore,2,2
ignored,2,2
ignores,2,2
ill,2,2
illegal,1,1
illiteracy,2,2
illness,2,2
illnesses,2,2
imbecile,1,1
immobilized,2,2
immortal,4,4
immune,3,3
impatient,2,2
imperfect,2,2
importance,4,4
important,4,4
impose,2,2
imposed,2,2
imposes,2,2
imposing,2,2
impotent,2,2
impress,4,4
impressed,4,4
impresses,4,4
impressive,4,4
imprisoned,2,2
improve,4,4
improved,4,4
improvement,4,4
improves,4,4
improving,4,4
inability,2,2
inaction,2,2
inadequate,2,2
incapable,2,2
incapacitated,2,2
incensed,2,2
incompetence,2,2
incompetent,2,2
inconsiderate,2,2
inconvenience,2,2
inconvenient,2,2
increase,3,3
increased,3,3
indecisive,2,2
indestructible,4,4
indifference,2,2
indifferent,2,2
indignant,2,2
indignation,2,2
indoctrinate,2,2
indoctrinated,2,2
indoctrinates,2,2
indoctrinating,2,2
ineffective,2,2
ineffectively,2,2
infatuated,4,4
infatuation,4,4
infected,2,2
inferior,2,2
inflamed,2,2
influential,4,4
infringement,2,2
infuriate,2,2
infuriated,2,2
infuriates,2,2
infuriating,2,2
inhibit,2,2
injured,2,2
injury,2,2
injustice,2,2
innovate,3,3
innovates,3,3
innovation,3,3
innovative,4,4
inquisition,2,2
inquisitive,4,4
insane,2,2
insanity,2,2
insecure,2,2
insensitive,2,2
insensitivity,2,2
insignificant,2,2
insipid,2,2
inspiration,4,4
inspirational,4,4
inspire,4,4
inspired,4,4
inspires,4,4
inspiring,4,4
insult,2,2
insulted,2,2
insulting,2,2
insults,2,2
intact,4,4
integrity,4,4
intelligent,4,4
intense,3,3
interest,3,3
interested,4,4
interesting,4,4
interests,3,3
interrogated,2,2
interrupt,2,2
interrupted,2,2
interrupting,2,2
interruption,2,2
interrupts,2,2
intimidate,2,2
intimidated,2,2
intimidates,2,2
intimidating,2,2
intimidation,2,2
intricate,4,4
intrigues,3,3
invincible,4,4
invite,3,3
inviting,3,3
invulnerable,4,4
irate,1,1
ironic,2,2
irony,2,2
irrational,2,2
irresistible,4,4
irresolute,2,2
irresponsible,4,4
irreversible,2,2
irritate,1,1
irritated,1,1
irritating,1,1
isolated,2,2
itchy,2,2
jackass,1,1
jackasses,1,1
jailed,2,2
jaunty,4,4
jealous,2,2
jeopardy,2,2
jerk,1,1
jesus,3,3
jewel,3,3
jewels,3,3
jocular,4,4
join,3,3
joke,4,4
jokes,4,4
jolly,4,4
jovial,4,4
joy,4,4
joyful,4,4
joyfully,4,4
joyless,2,2
joyous,4,4
jubilant,4,4
jumpy,2,2
justice,4,4
justifiably,4,4
justified,4,4
keen,3,3
kill,1,1
killed,1,1
killing,1,1
kills,1,1
kind,4,4
kinder,4,4
kiss,4,4
kudos,4,4
lack,2,2
lackadaisical,2,2
lag,2,2
lagged,2,2
lagging,2,2
lags,2,2
lame,2,2
landmark,4,4
laugh,3,3
laughed,3,3
laughing,3,3
laughs,3,3
laughting,3,3
launched,3,3
lawl,4,4
lawsuit,2,2
lawsuits,2,2
lazy,2,2
leak,2,2
leaked,2,2
leave,2,2
legal,3,3
legally,3,3
lenient,3,3
lethargic,2,2
lethargy,2,2
liar,1,1
liars,1,1
libelous,2,2
lied,2,2
lifesaver,5,5
lighthearted,3,3
like,4,4
liked,4,4
likes,4,4
limitation,2,2
limited,2,2
limits,2,2
litigation,2,2
litigious,2,2
lively,4,4
livid,2,2
lmao,5,5
lmfao,5,5
loathe,1,1
loathed,1,1
loathes,1,1
loathing,1,1
lobby,2,2
lobbying,2,2
lol,4,4
lonely,2,2
lonesome,2,2
longing,2,2
loom,2,2
loomed,2,2
looming,2,2
looms,2,2
loose,1,1
looses,1,1
loser,1,1
losing,1,1
loss,1,1
lost,1,1
lovable,4,4
love,4,4
loved,4,4
lovelies,4,4
lovely,4,4
loving,4,4
lowest,2,2
loyal,4,4
loyalty,4,4
luck,4,4
luckily,4,4
lucky,4,4
lugubrious,2,2
lunatic,1,1
lunatics,1,1
lurk,2,2
lurking,2,2
lurks,2,2
mad,1,1
maddening,1,1
made-up,2,2
madly,1,1
madness,1,1
mandatory,2,2
manipulated,2,2
manipulating,2,2
manipulation,2,2
marvel,4,4
marvelous,4,4
marvels,4,4
masterpiece,5,5
masterpieces,5,5
matter,3,3
matters,3,3
mature,4,4
meaningful,4,4
meaningless,2,2
medal,4,4
mediocrity,1,1
meditative,3,3
melancholy,2,2
menace,2,2
menaced,2,2
mercy,4,4
merry,4,4
mess,2,2
messed,2,2
messing up,2,2
methodical,4,4
mindless,2,2
miracle,5,5
mirth,4,4
mirthful,4,4
mirthfully,4,4
misbehave,2,2
misbehaved,2,2
misbehaves,2,2
misbehaving,2,2
mischief,2,2
mischiefs,2,2
miserable,1,1
misery,2,2
misgiving,2,2
misinformation,2,2
misinformed,2,2
misinterpreted,2,2
misleading,1,1
misread,2,2
misreporting,2,2
misrepresentation,2,2
miss,2,2
missed,2,2
missing,2,2
mistake,2,2
mistaken,2,2
mistakes,2,2
mistaking,2,2
misunderstand,2,2
misunderstanding,2,2
misunderstands,2,2
misunderstood,2,2
moan,2,2
moaned,2,2
moaning,2,2
moans,2,2
mock,2,2
mocked,2,2
mocking,2,2
mocks,2,2
mongering,2,2
monopolize,2,2
monopolized,2,2
monopolizes,2,2
monopolizing,2,2
moody,2,2
mope,2,2
moping,2,2
more,4,4
motherfucker,0,0
motherfucking,0,0
motivate,3,3
motivated,4,4
motivating,4,4
motivation,3,3
mourn,2,2
mourned,2,2
mournful,2,2
mourning,2,2
mourns,2,2
mumpish,2,2
murder,2,2
murderer,2,2
murdering,1,1
murderous,1,1
murders,2,2
myth,2,2
n00b,2,2
naive,2,2
nasty,1,1
natural,3,3
naïve,2,2
need,4,4
negative,2,2
negativity,2,2
neglect,2,2
neglected,2,2
neglecting,2,2
neglects,2,2
nerves,2,2
nervous,2,2
nervously,2,2
nice,4,4
nifty,4,4
niggas,0,0
nigger,0,0
no,2,2
no fun,1,1
noble,4,4
noisy,2,2
nonsense,2,2
noob,2,2
nosey,2,2
not good,2,2
not working,1,1
notorious,2,2
novel,4,4
numb,2,2
nuts,1,1
obliterate,2,2
obliterated,2,2
obnoxious,1,1
obscene,2,2
obsessed,4,4
obsolete,2,2
obstacle,2,2
obstacles,2,2
obstinate,2,2
odd,2,2
offend,2,2
offended,2,2
offender,2,2
offending,2,2
offends,2,2
offline,2,2
oks,4,4
ominous,4,4
once-in-a-lifetime,4,4
opportunities,4,4
opportunity,4,4
oppressed,2,2
oppressive,2,2
optimism,4,4
optimistic,4,4
optionless,2,2
outcry,2,2
outmaneuvered,2,2
outrage,1,1
outraged,1,1
outreach,4,4
outstanding,5,5
overjoyed,5,5
overload,2,2
overlooked,2,2
overreact,2,2
overreacted,2,2
overreaction,2,2
overreacts,2,2
oversell,2,2
overselling,2,2
oversells,2,2
oversimplification,2,2
oversimplified,2,2
oversimplifies,2,2
oversimplify,2,2
overstatement,2,2
overstatements,2,2
overweight,2,2
oxymoron,2,2
pain,2,2
pained,2,2
panic,1,1
panicked,1,1
panics,1,1
paradise,4,4
paradox,2,2
pardon,4,4
pardoned,4,4
pardoning,4,4
pardons,4,4
parley,2,2
passionate,4,4
passive,2,2
passively,2,2
pathetic,2,2
pay,2,2
peace,4,4
peaceful,4,4
peacefully,4,4
penalty,2,2
pensive,2,2
perfect,4,4
perfected,4,4
perfectly,4,4
perfects,4,4
peril,2,2
perjury,1,1
perpetrator,2,2
perpetrators,2,2
perplexed,2,2
persecute,2,2
persecuted,2,2
persecutes,2,2
persecuting,2,2
perturbed,2,2
pesky,2,2
pessimism,2,2
pessimistic,2,2
petrified,2,2
phobic,2,2
picturesque,4,4
pileup,2,2
pique,2,2
piqued,2,2
piss,1,1
pissed,1,1
pissing,1,1
piteous,2,2
pitied,2,2
pity,2,2
playful,4,4
pleasant,4,4
please,3,3
pleased,4,4
pleasure,4,4
poised,2,2
poison,2,2
poisoned,2,2
poisons,2,2
pollute,2,2
polluted,2,2
polluter,2,2
polluters,2,2
pollutes,2,2
poor,2,2
poorer,2,2
poorest,2,2
popular,4,4
positive,4,4
positively,4,4
possessive,2,2
postpone,2,2
postponed,2,2
postpones,2,2
postponing,2,2
poverty,2,2
powerful,4,4
powerless,2,2
praise,4,4
praised,4,4
praises,4,4
praising,4,4
pray,3,3
praying,3,3
prays,3,3
prblm,2,2
prblms,2,2
prepared,3,3
pressure,2,2
pressured,2,2
pretend,2,2
pretending,2,2
pretends,2,2
pretty,3,3
prevent,2,2
prevented,2,2
preventing,2,2
prevents,2,2
prick,0,0
prison,2,2
prisoner,2,2
prisoners,2,2
privileged,4,4
proactive,4,4
problem,2,2
problems,2,2
profiteer,2,2
progress,4,4
prominent,4,4
promise,3,3
promised,3,3
promises,3,3
promote,3,3
promoted,3,3
promotes,3,3
promoting,3,3
propaganda,2,2
prosecute,2,2
prosecuted,2,2
prosecutes,2,2
prosecution,2,2
prospect,3,3
prospects,3,3
prosperous,4,4
protect,3,3
protected,3,3
protects,3,3
protest,2,2
protesters,2,2
protesting,2,2
protests,2,2
proud,4,4
proudly,4,4
provoke,2,2
provoked,2,2
provokes,2,2
provoking,2,2
pseudoscience,1,1
punish,2,2
punished,2,2
punishes,2,2
punitive,2,2
pushy,2,2
puzzled,2,2
quaking,2,2
questionable,2,2
questioned,2,2
questioning,2,2
racism,1,1
racist,1,1
racists,1,1
rage,2,2
rageful,2,2
rainy,2,2
rant,1,1
ranter,1,1
ranters,1,1
rants,1,1
rape,1,1
rapist,1,1
rapture,4,4
raptured,4,4
raptures,4,4
rapturous,5,5
rash,2,2
ratified,4,4
reach,3,3
reached,3,3
reaches,3,3
reaching,3,3
reassure,3,3
reassured,3,3
reassures,3,3
reassuring,4,4
rebellion,2,2
recession,2,2
reckless,2,2
recommend,4,4
recommended,4,4
recommends,4,4
redeemed,4,4
refuse,2,2
refused,2,2
refusing,2,2
regret,2,2
regretful,2,2
regrets,2,2
regretted,2,2
regretting,2,2
reject,2,2
rejected,2,2
rejecting,2,2
rejects,2,2
rejoice,5,5
rejoiced,5,5
rejoices,5,5
rejoicing,5,5
relaxed,4,4
relentless,2,2
reliant,4,4
relieve,3,3
relieved,4,4
relieves,3,3
relieving,4,4
relishing,4,4
remarkable,4,4
remorse,2,2
repulse,2,2
repulsed,2,2
rescue,4,4
rescued,4,4
rescues,4,4
resentful,2,2
resign,2,2
resigned,2,2
resigning,2,2
resigns,2,2
resolute,4,4
resolve,4,4
resolved,4,4
resolves,4,4
resolving,4,4
respected,4,4
responsible,4,4
responsive,4,4
restful,4,4
restless,2,2
restore,3,3
restored,3,3
restores,3,3
restoring,3,3
restrict,2,2
restricted,2,2
restricting,2,2
restriction,2,2
restricts,2,2
retained,2,2
retard,2,2
retarded,2,2
retreat,2,2
revenge,2,2
revengeful,2,2
revered,4,4
revive,4,4
revives,4,4
reward,4,4
rewarded,4,4
rewarding,4,4
rewards,4,4
rich,4,4
ridiculous,1,1
rig,2,2
rigged,2,2
right direction,4,4
rigorous,4,4
rigorously,4,4
riot,2,2
riots,2,2
risk,2,2
risks,2,2
rob,2,2
robber,2,2
robed,2,2
robing,2,2
robs,2,2
robust,4,4
rofl,5,5
roflcopter,5,5
roflmao,5,5
romance,4,4
rotfl,5,5
rotflmfao,5,5
rotflol,5,5
ruin,2,2
ruined,2,2
ruining,2,2
ruins,2,2
sabotage,2,2
sad,2,2
sadden,2,2
saddened,2,2
sadly,2,2
safe,3,3
safely,3,3
safety,3,3
salient,3,3
sappy,2,2
sarcastic,2,2
satisfied,4,4
save,4,4
saved,4,4
scam,2,2
scams,2,2
scandal,1,1
scandalous,1,1
scandals,1,1
scapegoat,2,2
scapegoats,2,2
scare,2,2
scared,2,2
scary,2,2
sceptical,2,2
scold,2,2
scoop,4,4
scorn,2,2
scornful,2,2
scream,2,2
screamed,2,2
screaming,2,2
screams,2,2
screwed,2,2
screwed up,1,1
scumbag,1,1
secure,4,4
secured,4,4
secures,4,4
sedition,2,2
seditious,2,2
seduced,2,2
self-confident,4,4
self-deluded,2,2
selfish,1,1
selfishness,1,1
sentence,2,2
sentenced,2,2
sentences,2,2
sentencing,2,2
serene,4,4
severe,2,2
sexy,4,4
shaky,2,2
shame,2,2
shamed,2,2
shameful,2,2
share,3,3
shared,3,3
shares,3,3
shattered,2,2
shit,1,1
shithead,1,1
shitty,1,1
shock,2,2
shocked,2,2
shocking,2,2
shocks,2,2
shoot,2,2
short-sighted,2,2
short-sightedness,2,2
shortage,2,2
shortages,2,2
shrew,1,1
shy,2,2
sick,2,2
sigh,2,2
significance,3,3
significant,3,3
silencing,2,2
silly,2,2
similar,3,3
sincere,4,4
sincerely,4,4
sincerest,4,4
sincerity,4,4
sinful,1,1
singleminded,2,2
skeptic,2,2
skeptical,2,2
skepticism,2,2
skeptics,2,2
slam,2,2
slash,2,2
slashed,2,2
slashes,2,2
slashing,2,2
slavery,1,1
sleeplessness,2,2
slick,4,4
slicker,4,4
slickest,4,4
sluggish,2,2
slut,0,0
smart,3,3
smarter,4,4
smartest,4,4
smear,2,2
smile,4,4
smiled,4,4
smiles,4,4
smiling,4,4
smog,2,2
sneaky,2,2
snub,2,2
snubbed,2,2
snubbing,2,2
snubs,2,2
sobering,3,3
solemn,2,2
solid,4,4
solidarity,4,4
solution,3,3
solutions,3,3
solve,3,3
solved,3,3
solves,3,3
solving,3,3
somber,2,2
some kind,3,3
son-of-a-bitch,0,0
soothe,4,4
soothed,4,4
soothing,4,4
sophisticated,4,4
sore,2,2
sorrow,2,2
sorrowful,2,2
sorry,2,2
spam,2,2
spammer,1,1
spammers,1,1
spamming,2,2
spark,3,3
sparkle,4,4
sparkles,4,4
sparkling,4,4
speculative,2,2
spirit,3,3
spirited,4,4
spiritless,2,2
spiteful,2,2
splendid,4,4
sprightly,4,4
squelched,2,2
stab,2,2
stabbed,2,2
stable,4,4
stabs,2,2
stall,2,2
stalled,2,2
stalling,2,2
stamina,4,4
stampede,2,2
startled,2,2
starve,2,2
starved,2,2
starves,2,2
starving,2,2
steadfast,4,4
steal,2,2
steals,2,2
stereotype,2,2
stereotyped,2,2
stifled,2,2
stimulate,3,3
stimulated,3,3
stimulates,3,3
stimulating,4,4
stingy,2,2
stolen,2,2
stop,2,2
stopped,2,2
stopping,2,2
stops,2,2
stout,4,4
straight,3,3
strange,2,2
strangely,2,2
strangled,2,2
strength,4,4
strengthen,4,4
strengthened,4,4
strengthening,4,4
strengthens,4,4
stressed,2,2
stressor,2,2
stressors,2,2
stricken,2,2
strike,2,2
strikers,2,2
strikes,2,2
strong,4,4
stronger,4,4
strongest,4,4
struck,2,2
struggle,2,2
struggled,2,2
struggles,2,2
struggling,2,2
stubborn,2,2
stuck,2,2
stunned,2,2
stunning,5,5
stupid,2,2
stupidly,2,2
suave,4,4
substantial,3,3
substantially,3,3
subversive,2,2
success,4,4
successful,4,4
suck,1,1
sucks,1,1
suffer,2,2
suffering,2,2
suffers,2,2
suicidal,2,2
suicide,2,2
suing,2,2
sulking,2,2
sulky,2,2
sullen,2,2
sunshine,4,4
super,4,4
superb,5,5
superior,4,4
support,4,4
supported,4,4
supporter,3,3
supporters,3,3
supporting,3,3
supportive,4,4
supports,4,4
survived,4,4
surviving,4,4
survivor,4,4
suspect,2,2
suspected,2,2
suspecting,2,2
suspects,2,2
suspend,2,2
suspended,2,2
suspicious,2,2
swear,2,2
swearing,2,2
swears,2,2
sweet,4,4
swift,4,4
swiftly,4,4
swindle,1,1
swindles,1,1
swindling,1,1
sympathetic,4,4
sympathy,4,4
tard,2,2
tears,2,2
tender,4,4
tense,2,2
tension,2,2
terrible,1,1
terribly,1,1
terrific,5,5
terrified,1,1
terror,1,1
terrorize,1,1
terrorized,1,1
terrorizes,1,1
thank,4,4
thankful,4,4
thanks,4,4
thorny,2,2
thoughtful,4,4
thoughtless,2,2
threat,2,2
threaten,2,2
threatened,2,2
threatening,2,2
threatens,2,2
threats,2,2
thrilled,5,5
thwart,2,2
thwarted,2,2
thwarting,2,2
thwarts,2,2
timid,2,2
timorous,2,2
tired,2,2
tits,2,2
tolerant,4,4
toothless,2,2
top,4,4
tops,4,4
torn,2,2
torture,1,1
tortured,1,1
tortures,1,1
torturing,1,1
totalitarian,2,2
totalitarianism,2,2
tout,2,2
touted,2,2
touting,2,2
touts,2,2
tragedy,2,2
tragic,2,2
tranquil,4,4
trap,2,2
trapped,2,2
trauma,1,1
traumatic,1,1
travesty,2,2
treason,1,1
treasonous,1,1
treasure,4,4
treasures,4,4
trembling,2,2
tremulous,2,2
tricked,2,2
trickery,2,2
triumph,5,5
triumphant,5,5
trouble,2,2
troubled,2,2
troubles,2,2
TRUE,4,4
trust,3,3
trusted,4,4
tumor,2,2
twat,0,0
ugly,1,1
unacceptable,2,2
unappreciated,2,2
unapproved,2,2
unaware,2,2
unbelievable,2,2
unbelieving,2,2
unbiased,4,4
uncertain,2,2
unclear,2,2
uncomfortable,2,2
unconcerned,2,2
unconfirmed,2,2
unconvinced,2,2
uncredited,2,2
undecided,2,2
underestimate,2,2
underestimated,2,2
underestimates,2,2
underestimating,2,2
undermine,2,2
undermined,2,2
undermines,2,2
undermining,2,2
undeserving,2,2
undesirable,2,2
uneasy,2,2
unemployment,2,2
unequal,2,2
unequaled,4,4
unethical,2,2
unfair,2,2
unfocused,2,2
unfulfilled,2,2
unhappy,2,2
unhealthy,2,2
unified,3,3
unimpressed,2,2
unintelligent,2,2
united,3,3
unjust,2,2
unlovable,2,2
unloved,2,2
unmatched,3,3
unmotivated,2,2
unprofessional,2,2
unresearched,2,2
unsatisfied,2,2
unsecured,2,2
unsettled,2,2
unsophisticated,2,2
unstable,2,2
unstoppable,4,4
unsupported,2,2
unsure,2,2
untarnished,4,4
unwanted,2,2
unworthy,2,2
upset,2,2
upsets,2,2
upsetting,2,2
uptight,2,2
urgent,2,2
useful,4,4
usefulness,4,4
useless,2,2
uselessness,2,2
vague,2,2
validate,3,3
validated,3,3
validates,3,3
validating,3,3
verdict,2,2
verdicts,2,2
vested,3,3
vexation,2,2
vexing,2,2
vibrant,4,4
vicious,2,2
victim,1,1
victimize,1,1
victimized,1,1
victimizes,1,1
victimizing,1,1
victims,1,1
vigilant,4,4
vile,1,1
vindicate,4,4
vindicated,4,4
vindicates,4,4
vindicating,4,4
violate,2,2
violated,2,2
violates,2,2
violating,2,2
violence,1,1
violent,1,1
virtuous,4,4
virulent,2,2
vision,3,3
visionary,4,4
visioning,3,3
visions,3,3
vitality,4,4
vitamin,3,3
vitriolic,1,1
vivacious,4,4
vociferous,2,2
vulnerability,2,2
vulnerable,2,2
walkout,2,2
walkouts,2,2
wanker,1,1
want,3,3
war,2,2
warfare,2,2
warm,3,3
warmth,4,4
warn,2,2
warned,2,2
warning,1,1
warnings,1,1
warns,2,2
waste,2,2
wasted,2,2
wasting,2,2
wavering,2,2
weak,2,2
weakness,2,2
wealth,4,4
wealthy,4,4
weary,2,2
weep,2,2
weeping,2,2
weird,2,2
welcome,4,4
welcomed,4,4
welcomes,4,4
whimsical,3,3
whitewash,1,1
whore,1,1
wicked,2,2
widowed,2,2
willingness,4,4
win,5,5
winner,5,5
winning,5,5
wins,5,5
winwin,4,4
wish,3,3
wishes,3,3
wishing,3,3
withdrawal,1,1
woebegone,2,2
woeful,1,1
won,4,4
wonderful,5,5
woo,4,4
woohoo,4,4
wooo,5,5
woow,5,5
worn,2,2
worried,1,1
worry,1,1
worrying,1,1
worse,1,1
worsen,1,1
worsened,1,1
worsening,1,1
worsens,1,1
worshiped,4,4
worst,1,1
worth,4,4
worthless,2,2
worthy,4,4
wow,5,5
wowow,5,5
wowww,5,5
wrathful,1,1
wreck,2,2
wrong,2,2
wronged,2,2
wtf,1,1
yeah,3,3
yearning,3,3
yeees,4,4
yes,3,3
youthful,4,4
yucky,2,2
