abandon,2,,,,-2
abandoned,2,,,,-2
abandons,2,,,,-2
abducted,2,,,,-2
abduction,2,,,,-2
abductions,2,,,,-2
abhor,1,,,,-3
abhorred,1,,,,-3
abhorrent,1,,,,-3
abhors,1,,,,-3
abilities,4,,,,2
ability,4,,,,2
aboard,3,,,,1
absentee,2,,,,-1
absentees,2,,,,-1
absolve,4,,,,2
absolved,4,,,,2
absolves,4,,,,2
absolving,4,,,,2
absorbed,3,,,,1
abuse,1,,,,-3
abused,1,,,,-3
abuses,1,,,,-3
abusive,1,,,,-3
accept,3,,,,1
accepted,3,,,,1
accepting,3,,,,1
accepts,3,,,,1
accident,2,,,,-2
accidental,2,,,,-2
accidentally,2,,,,-2
accidents,2,,,,-2
accomplish,4,,,,2
accomplished,4,,,,2
accomplishes,4,,,,2
accusation,2,,,,-2
accusations,2,,,,-2
accuse,2,,,,-2
accused,2,,,,-2
accuses,2,,,,-2
accusing,2,,,,-2
ache,2,,,,-2
achieve,5,,,,5
achievable,3,,,,1
aching,2,,,,-2
acquit,4,,,,2
acquits,4,,,,2
acquitted,4,,,,2
acquitting,4,,,,2
acrimonious,1,,,,-3
active,3,,,,1
adequate,3,,,,1
admire,4,,,,3
admired,4,,,,3
admires,4,,,,3
admiring,4,,,,3
admit,2,,,,-1
admits,2,,,,-1
admitted,2,,,,-1
admonish,2,,,,-2
admonished,2,,,,-2
adopt,3,,,,1
adopts,3,,,,1
adorable,4,,,,3
adore,4,,,,3
adored,4,,,,3
adores,4,,,,3
advanced,3,,,,1
advantage,4,,,,2
advantages,4,,,,2
adventure,4,,,,2
adventures,4,,,,2
adventurous,4,,,,2
affected,2,,,,-1
affection,4,,,,3
affectionate,4,,,,3
afflicted,2,,,,-1
affronted,2,,,,-1
afraid,2,,,,-2
aggravate,2,,,,-2
aggravated,2,,,,-2
aggravates,2,,,,-2
aggravating,2,,,,-2
aggression,2,,,,-2
aggressions,2,,,,-2
aggressive,2,,,,-2
aghast,2,,,,-2
agog,4,,,,2
agonise,1,,,,-3
agonised,1,,,,-3
agonises,1,,,,-3
agonising,1,,,,-3
agonize,1,,,,-3
agonized,1,,,,-3
agonizes,1,,,,-3
agonizing,1,,,,-3
agree,3,,,,1
agreeable,4,,,,2
agreed,3,,,,1
agreement,3,,,,1
agrees,3,,,,1
alarm,2,,,,-2
alarmed,2,,,,-2
alarmist,2,,,,-2
alarmists,2,,,,-2
alas,2,,,,-1
alert,2,,,,-1
alienation,2,,,,-2
alive,3,,,,1
allergic,2,,,,-2
allow,3,,,,1
alone,2,,,,-2
amaze,4,,,,2
amazed,4,,,,2
amazes,4,,,,2
amazing,5,,,,4
ambitious,4,,,,2
ambivalent,2,,,,-1
amuse,4,,,,3
amused,4,,,,3
amusement,4,,,,3
amusements,4,,,,3
anger,1,,,,-3
angers,1,,,,-3
angry,1,,,,-3
anguish,1,,,,-3
anguished,1,,,,-3
animosity,2,,,,-2
annoy,2,,,,-2
annoyance,2,,,,-2
annoyed,2,,,,-2
annoying,2,,,,-2
annoys,2,,,,-2
antagonistic,2,,,,-2
anti,2,,,,-1
anticipation,3,,,,1
anxiety,2,,,,-2
anxious,2,,,,-2
apathetic,1,,,,-3
apathy,1,,,,-3
apeshit,1,,,,-3
apocalyptic,2,,,,-2
apologise,2,,,,-1
apologised,2,,,,-1
apologises,2,,,,-1
apologising,2,,,,-1
apologize,2,,,,-1
apologized,2,,,,-1
apologizes,2,,,,-1
apologizing,2,,,,-1
apology,2,,,,-1
appalled,2,,,,-2
appalling,2,,,,-2
appease,4,,,,2
appeased,4,,,,2
appeases,4,,,,2
appeasing,4,,,,2
applaud,4,,,,2
applauded,4,,,,2
applauding,4,,,,2
applauds,4,,,,2
applause,4,,,,2
appreciate,4,,,,2
appreciated,4,,,,2
appreciates,4,,,,2
appreciating,4,,,,2
appreciation,4,,,,2
apprehensive,2,,,,-2
approval,4,,,,2
approved,4,,,,2
approves,4,,,,2
ardent,3,,,,1
arrest,2,,,,-2
arrested,1,,,,-3
arrests,2,,,,-2
arrogant,2,,,,-2
ashame,2,,,,-2
ashamed,2,,,,-2
ass,1,,,,-4
assassination,1,,,,-3
assassinations,1,,,,-3
asset,4,,,,2
assets,4,,,,2
assfucking,1,,,,-4
asshole,1,,,,-4
astonished,4,,,,2
astound,4,,,,3
astounded,4,,,,3
astounding,4,,,,3
astoundingly,4,,,,3
astounds,4,,,,3
attack,2,,,,-1
attacked,2,,,,-1
attacking,2,,,,-1
attacks,2,,,,-1
attract,3,,,,1
attracted,3,,,,1
attracting,4,,,,2
attraction,4,,,,2
attractions,4,,,,2
attracts,3,,,,1
audacious,4,,,,3
authority,3,,,,1
avert,2,,,,-1
averted,2,,,,-1
averts,2,,,,-1
avid,4,,,,2
avoid,2,,,,-1
avoided,2,,,,-1
avoids,2,,,,-1
await,2,,,,-1
awaited,2,,,,-1
awaits,2,,,,-1
award,4,,,,3
awarded,4,,,,3
awards,4,,,,3
awesome,5,,,,4
awful,1,,,,-3
awkward,2,,,,-2
axe,2,,,,-1
axed,2,,,,-1
backed,3,,,,1
backing,4,,,,2
backs,3,,,,1
bad,1,,,,-3
badass,1,,,,-3
badly,1,,,,-3
bailout,2,,,,-2
bamboozle,2,,,,-2
bamboozled,2,,,,-2
bamboozles,2,,,,-2
ban,2,,,,-2
banish,2,,,,-1
bankrupt,1,,,,-3
bankster,1,,,,-3
banned,2,,,,-2
bargain,4,,,,2
barrier,2,,,,-2
bastard,0,,,,-5
bastards,0,,,,-5
battle,2,,,,-1
battles,2,,,,-1
beaten,2,,,,-2
beatific,4,,,,3
beating,2,,,,-1
beauties,4,,,,3
beautiful,4,,,,3
beautifully,4,,,,3
beautify,4,,,,3
belittle,2,,,,-2
belittled,2,,,,-2
beloved,4,,,,3
benefit,4,,,,2
benefits,4,,,,2
benefitted,4,,,,2
benefitting,4,,,,2
bereave,2,,,,-2
bereaved,2,,,,-2
bereaves,2,,,,-2
bereaving,2,,,,-2
best,4,,,,3
betray,1,,,,-3
betrayal,1,,,,-3
betrayed,1,,,,-3
betraying,1,,,,-3
betrays,1,,,,-3
better,4,,,,2
bias,2,,,,-1
biased,2,,,,-2
big,3,,,,1
bitch,0,,,,-5
bitches,0,,,,-5
bitter,2,,,,-2
bitterly,2,,,,-2
bizarre,2,,,,-2
blah,2,,,,-2
blame,2,,,,-2
blamed,2,,,,-2
blames,2,,,,-2
blaming,2,,,,-2
bless,4,,,,2
blesses,4,,,,2
blessing,4,,,,3
blind,2,,,,-1
bliss,4,,,,3
blissful,4,,,,3
blithe,4,,,,2
block,2,,,,-1
blockbuster,4,,,,3
blocked,2,,,,-1
blocking,2,,,,-1
blocks,2,,,,-1
bloody,1,,,,-3
blurry,2,,,,-2
boastful,2,,,,-2
bold,4,,,,2
boldly,4,,,,2
bomb,2,,,,-1
boost,3,,,,1
boosted,3,,,,1
boosting,3,,,,1
boosts,3,,,,1
bore,2,,,,-2
bored,2,,,,-2
boring,1,,,,-3
bother,2,,,,-2
bothered,2,,,,-2
bothers,2,,,,-2
bothersome,2,,,,-2
boycott,2,,,,-2
boycotted,2,,,,-2
boycotting,2,,,,-2
boycotts,2,,,,-2
brainwashing,1,,,,-3
brave,4,,,,2
breakthrough,4,,,,3
breathtaking,5,,,,5
bribe,1,,,,-3
bright,3,,,,1
brightest,4,,,,2
brightness,3,,,,1
brilliant,5,,,,4
brisk,4,,,,2
broke,2,,,,-1
broken,2,,,,-1
brooding,2,,,,-2
bullied,2,,,,-2
bullshit,1,,,,-4
bully,2,,,,-2
bullying,2,,,,-2
bummer,2,,,,-2
buoyant,4,,,,2
burden,2,,,,-2
burdened,2,,,,-2
burdening,2,,,,-2
burdens,2,,,,-2
calm,4,,,,2
calmed,4,,,,2
calming,4,,,,2
calms,4,,,,2
can't stand,1,,,,-3
cancel,2,,,,-1
cancelled,2,,,,-1
cancelling,2,,,,-1
cancels,2,,,,-1
cancer,2,,,,-1
capable,3,,,,1
captivated,4,,,,3
care,4,,,,2
carefree,3,,,,1
careful,4,,,,2
carefully,4,,,,2
careless,2,,,,-2
cares,4,,,,2
cashing in,2,,,,-2
casualty,2,,,,-2
catastrophe,1,,,,-3
catastrophic,1,,,,-4
cautious,2,,,,-1
celebrate,4,,,,3
celebrated,4,,,,3
celebrates,4,,,,3
celebrating,4,,,,3
censor,2,,,,-2
censored,2,,,,-2
censors,2,,,,-2
certain,3,,,,1
chagrin,2,,,,-2
chagrined,2,,,,-2
challenge,2,,,,-1
chance,4,,,,2
chances,4,,,,2
chaos,2,,,,-2
chaotic,2,,,,-2
charged,1,,,,-3
charges,2,,,,-2
charm,4,,,,3
charming,4,,,,3
charmless,1,,,,-3
chastise,1,,,,-3
chastised,1,,,,-3
chastises,1,,,,-3
chastising,1,,,,-3
cheat,1,,,,-3
cheated,1,,,,-3
cheater,1,,,,-3
cheaters,1,,,,-3
cheats,1,,,,-3
cheer,4,,,,2
cheered,4,,,,2
cheerful,4,,,,2
cheering,4,,,,2
cheerless,2,,,,-2
cheers,4,,,,2
cheery,4,,,,3
cherish,4,,,,2
cherished,4,,,,2
cherishes,4,,,,2
cherishing,4,,,,2
chic,4,,,,2
childish,2,,,,-2
chilling,2,,,,-1
choke,2,,,,-2
choked,2,,,,-2
chokes,2,,,,-2
choking,2,,,,-2
clarifies,4,,,,2
clarity,4,,,,2
clash,2,,,,-2
classy,4,,,,3
clean,4,,,,2
cleaner,4,,,,2
clear,3,,,,1
cleared,3,,,,1
clearly,3,,,,1
clears,3,,,,1
clever,4,,,,2
clouded,2,,,,-1
clueless,2,,,,-2
cock,0,,,,-5
cocksucker,0,,,,-5
cocksuckers,0,,,,-5
cocky,2,,,,-2
coerced,2,,,,-2
collapse,2,,,,-2
collapsed,2,,,,-2
collapses,2,,,,-2
collapsing,2,,,,-2
collide,2,,,,-1
collides,2,,,,-1
colliding,2,,,,-1
collision,2,,,,-2
collisions,2,,,,-2
colluding,1,,,,-3
combat,2,,,,-1
combats,2,,,,-1
comedy,3,,,,1
comfort,4,,,,2
comfortable,4,,,,2
comforting,4,,,,2
comforts,4,,,,2
commend,4,,,,2
commended,4,,,,2
commit,3,,,,1
commitment,4,,,,2
commits,3,,,,1
committed,3,,,,1
committing,3,,,,1
compassionate,4,,,,2
compelled,3,,,,1
competent,4,,,,2
competitive,4,,,,2
complacent,2,,,,-2
complain,2,,,,-2
complained,2,,,,-2
complains,2,,,,-2
comprehensive,4,,,,2
conciliate,4,,,,2
conciliated,4,,,,2
conciliates,4,,,,2
conciliating,4,,,,2
condemn,2,,,,-2
condemnation,2,,,,-2
condemned,2,,,,-2
condemns,2,,,,-2
confidence,4,,,,2
confident,4,,,,2
conflict,2,,,,-2
conflicting,2,,,,-2
conflictive,2,,,,-2
conflicts,2,,,,-2
confuse,2,,,,-2
confused,2,,,,-2
confusing,2,,,,-2
congrats,4,,,,2
congratulate,4,,,,2
congratulation,4,,,,2
congratulations,4,,,,2
consent,4,,,,2
consents,4,,,,2
consolable,4,,,,2
conspiracy,1,,,,-3
constrained,2,,,,-2
contagion,2,,,,-2
contagions,2,,,,-2
contagious,2,,,,-1
contempt,2,,,,-2
contemptuous,2,,,,-2
contemptuously,2,,,,-2
contend,2,,,,-1
contender,2,,,,-1
contending,2,,,,-1
contentious,2,,,,-2
contestable,2,,,,-2
controversial,2,,,,-2
controversially,2,,,,-2
convince,3,,,,1
convinced,3,,,,1
convinces,3,,,,1
convivial,4,,,,2
cool,3,,,,1
cool stuff,4,,,,3
cornered,2,,,,-2
corpse,2,,,,-1
costly,2,,,,-2
courage,4,,,,2
courageous,4,,,,2
courteous,4,,,,2
courtesy,4,,,,2
cover-up,1,,,,-3
coward,2,,,,-2
cowardly,2,,,,-2
coziness,4,,,,2
cramp,2,,,,-1
crap,1,,,,-3
crash,2,,,,-2
crazier,2,,,,-2
craziest,2,,,,-2
crazy,2,,,,-2
creative,4,,,,2
crestfallen,2,,,,-2
cried,2,,,,-2
cries,2,,,,-2
crime,1,,,,-3
criminal,1,,,,-3
criminals,1,,,,-3
crisis,1,,,,-3
critic,2,,,,-2
criticism,2,,,,-2
criticize,2,,,,-2
criticized,2,,,,-2
criticizes,2,,,,-2
criticizing,2,,,,-2
critics,2,,,,-2
cruel,1,,,,-3
cruelty,1,,,,-3
crush,2,,,,-1
crushed,2,,,,-2
crushes,2,,,,-1
crushing,2,,,,-1
cry,2,,,,-1
crying,2,,,,-2
cunt,0,,,,-5
curious,3,,,,1
curse,2,,,,-1
cut,2,,,,-1
cute,4,,,,2
cuts,2,,,,-1
cutting,2,,,,-1
cynic,2,,,,-2
cynical,2,,,,-2
cynicism,2,,,,-2
damage,1,,,,-3
damages,1,,,,-3
damn,1,,,,-4
damned,1,,,,-4
damnit,1,,,,-4
danger,2,,,,-2
daredevil,4,,,,2
daring,4,,,,2
darkest,2,,,,-2
darkness,2,,,,-1
dauntless,4,,,,2
dead,1,,,,-3
deadlock,2,,,,-2
deafening,2,,,,-1
dear,4,,,,2
dearly,4,,,,3
death,2,,,,-2
debonair,4,,,,2
debt,2,,,,-2
deceit,1,,,,-3
deceitful,1,,,,-3
deceive,1,,,,-3
deceived,1,,,,-3
deceives,1,,,,-3
deceiving,1,,,,-3
deception,1,,,,-3
decisive,3,,,,1
dedicated,4,,,,2
defeated,2,,,,-2
defect,1,,,,-3
defects,1,,,,-3
defender,4,,,,2
defenders,4,,,,2
defenseless,2,,,,-2
defer,2,,,,-1
deferring,2,,,,-1
defiant,2,,,,-1
deficit,2,,,,-2
degrade,2,,,,-2
degraded,2,,,,-2
degrades,2,,,,-2
dehumanize,2,,,,-2
dehumanized,2,,,,-2
dehumanizes,2,,,,-2
dehumanizing,2,,,,-2
deject,2,,,,-2
dejected,2,,,,-2
dejecting,2,,,,-2
dejects,2,,,,-2
delay,2,,,,-1
delayed,2,,,,-1
delight,4,,,,3
delighted,4,,,,3
delighting,4,,,,3
delights,4,,,,3
demand,2,,,,-1
demanded,2,,,,-1
demanding,2,,,,-1
demands,2,,,,-1
demonstration,2,,,,-1
demoralized,2,,,,-2
denied,2,,,,-2
denier,2,,,,-2
deniers,2,,,,-2
denies,2,,,,-2
denounce,2,,,,-2
denounces,2,,,,-2
deny,2,,,,-2
denying,2,,,,-2
depressed,2,,,,-2
depressing,2,,,,-2
derail,2,,,,-2
derailed,2,,,,-2
derails,2,,,,-2
deride,2,,,,-2
derided,2,,,,-2
derides,2,,,,-2
deriding,2,,,,-2
derision,2,,,,-2
desirable,4,,,,2
desire,3,,,,1
desired,4,,,,2
desirous,4,,,,2
despair,1,,,,-3
despairing,1,,,,-3
despairs,1,,,,-3
desperate,1,,,,-3
desperately,1,,,,-3
despondent,1,,,,-3
destroy,1,,,,-3
destroyed,1,,,,-3
destroying,1,,,,-3
destroys,1,,,,-3
destruction,1,,,,-3
destructive,1,,,,-3
detached,2,,,,-1
detain,2,,,,-2
detained,2,,,,-2
detention,2,,,,-2
determined,4,,,,2
devastate,2,,,,-2
devastated,2,,,,-2
devastating,2,,,,-2
devoted,4,,,,3
diamond,3,,,,1
dick,1,,,,-4
dickhead,1,,,,-4
die,1,,,,-3
died,1,,,,-3
difficult,2,,,,-1
diffident,2,,,,-2
dilemma,2,,,,-1
dipshit,1,,,,-3
dire,1,,,,-3
direful,1,,,,-3
dirt,2,,,,-2
dirtier,2,,,,-2
dirtiest,2,,,,-2
dirty,2,,,,-2
disabling,2,,,,-1
disadvantage,2,,,,-2
disadvantaged,2,,,,-2
disappear,2,,,,-1
disappeared,2,,,,-1
disappears,2,,,,-1
disappoint,2,,,,-2
disappointed,2,,,,-2
disappointing,2,,,,-2
disappointment,2,,,,-2
disappointments,2,,,,-2
disappoints,2,,,,-2
disaster,2,,,,-2
disasters,2,,,,-2
disastrous,1,,,,-3
disbelieve,2,,,,-2
discard,2,,,,-1
discarded,2,,,,-1
discarding,2,,,,-1
discards,2,,,,-1
disconsolate,2,,,,-2
disconsolation,2,,,,-2
discontented,2,,,,-2
discord,2,,,,-2
discounted,2,,,,-1
discouraged,2,,,,-2
discredited,2,,,,-2
disdain,2,,,,-2
disgrace,2,,,,-2
disgraced,2,,,,-2
disguise,2,,,,-1
disguised,2,,,,-1
disguises,2,,,,-1
disguising,2,,,,-1
disgust,1,,,,-3
disgusted,1,,,,-3
disgusting,1,,,,-3
disheartened,2,,,,-2
dishonest,2,,,,-2
disillusioned,2,,,,-2
disinclined,2,,,,-2
disjointed,2,,,,-2
dislike,2,,,,-2
dismal,2,,,,-2
dismayed,2,,,,-2
disorder,2,,,,-2
disorganized,2,,,,-2
disoriented,2,,,,-2
disparage,2,,,,-2
disparaged,2,,,,-2
disparages,2,,,,-2
disparaging,2,,,,-2
displeased,2,,,,-2
dispute,2,,,,-2
disputed,2,,,,-2
disputes,2,,,,-2
disputing,2,,,,-2
disqualified,2,,,,-2
disquiet,2,,,,-2
disregard,2,,,,-2
disregarded,2,,,,-2
disregarding,2,,,,-2
disregards,2,,,,-2
disrespect,2,,,,-2
disrespected,2,,,,-2
disruption,2,,,,-2
disruptions,2,,,,-2
disruptive,2,,,,-2
dissatisfied,2,,,,-2
distort,2,,,,-2
distorted,2,,,,-2
distorting,2,,,,-2
distorts,2,,,,-2
distract,2,,,,-2
distracted,2,,,,-2
distraction,2,,,,-2
distracts,2,,,,-2
distress,2,,,,-2
distressed,2,,,,-2
distresses,2,,,,-2
distressing,2,,,,-2
distrust,1,,,,-3
distrustful,1,,,,-3
disturb,2,,,,-2
disturbed,2,,,,-2
disturbing,2,,,,-2
disturbs,2,,,,-2
dithering,2,,,,-2
dizzy,2,,,,-1
dodging,2,,,,-2
dodgy,2,,,,-2
does not work,1,,,,-3
dolorous,2,,,,-2
dont like,2,,,,-2
doom,2,,,,-2
doomed,2,,,,-2
doubt,2,,,,-1
doubted,2,,,,-1
doubtful,2,,,,-1
doubting,2,,,,-1
doubts,2,,,,-1
douche,1,,,,-3
douchebag,1,,,,-3
downcast,2,,,,-2
downhearted,2,,,,-2
downside,2,,,,-2
drag,2,,,,-1
dragged,2,,,,-1
drags,2,,,,-1
drained,2,,,,-2
dread,2,,,,-2
dreaded,2,,,,-2
dreadful,1,,,,-3
dreading,2,,,,-2
dream,3,,,,1
dreams,3,,,,1
dreary,2,,,,-2
droopy,2,,,,-2
drop,2,,,,-1
drown,2,,,,-2
drowned,2,,,,-2
drowns,2,,,,-2
drunk,2,,,,-2
dubious,2,,,,-2
dud,2,,,,-2
dull,2,,,,-2
dumb,1,,,,-3
dumbass,1,,,,-3
dump,2,,,,-1
dumped,2,,,,-2
dumps,2,,,,-1
dupe,2,,,,-2
duped,2,,,,-2
dysfunction,2,,,,-2
eager,4,,,,2
earnest,4,,,,2
ease,4,,,,2
easy,3,,,,1
ecstatic,5,,,,4
eerie,2,,,,-2
eery,2,,,,-2
effective,4,,,,2
effectively,4,,,,2
elated,4,,,,3
elation,4,,,,3
elegant,4,,,,2
elegantly,4,,,,2
embarrass,2,,,,-2
embarrassed,2,,,,-2
embarrasses,2,,,,-2
embarrassing,2,,,,-2
embarrassment,2,,,,-2
embittered,2,,,,-2
embrace,3,,,,1
emergency,2,,,,-2
empathetic,4,,,,2
emptiness,2,,,,-1
empty,2,,,,-1
enchanted,4,,,,2
encourage,4,,,,2
encouraged,4,,,,2
encouragement,4,,,,2
encourages,4,,,,2
endorse,4,,,,2
endorsed,4,,,,2
endorsement,4,,,,2
endorses,4,,,,2
enemies,2,,,,-2
enemy,2,,,,-2
energetic,4,,,,2
engage,3,,,,1
engages,3,,,,1
engrossed,3,,,,1
enjoy,4,,,,2
enjoying,4,,,,2
enjoys,4,,,,2
enlighten,4,,,,2
enlightened,4,,,,2
enlightening,4,,,,2
enlightens,4,,,,2
ennui,2,,,,-2
enrage,2,,,,-2
enraged,2,,,,-2
enrages,2,,,,-2
enraging,2,,,,-2
enrapture,4,,,,3
enslave,2,,,,-2
enslaved,2,,,,-2
enslaves,2,,,,-2
ensure,3,,,,1
ensuring,3,,,,1
enterprising,3,,,,1
entertaining,4,,,,2
enthral,4,,,,3
enthusiastic,4,,,,3
entitled,3,,,,1
entrusted,4,,,,2
envies,2,,,,-1
envious,2,,,,-2
envy,2,,,,-1
envying,2,,,,-1
erroneous,2,,,,-2
error,2,,,,-2
errors,2,,,,-2
escape,2,,,,-1
escapes,2,,,,-1
escaping,2,,,,-1
esteemed,4,,,,2
ethical,4,,,,2
euphoria,4,,,,3
euphoric,5,,,,4
eviction,2,,,,-1
evil,1,,,,-3
exaggerate,2,,,,-2
exaggerated,2,,,,-2
exaggerates,2,,,,-2
exaggerating,2,,,,-2
exasperated,4,,,,2
excellence,4,,,,3
excellent,4,,,,3
excite,4,,,,3
excited,4,,,,3
excitement,4,,,,3
exciting,4,,,,3
exclude,2,,,,-1
excluded,2,,,,-2
exclusion,2,,,,-1
exclusive,4,,,,2
excuse,2,,,,-1
exempt,2,,,,-1
exhausted,2,,,,-2
exhilarated,4,,,,3
exhilarates,4,,,,3
exhilarating,4,,,,3
exonerate,4,,,,2
exonerated,4,,,,2
exonerates,4,,,,2
exonerating,4,,,,2
expand,3,,,,1
expands,3,,,,1
expel,2,,,,-2
expelled,2,,,,-2
expelling,2,,,,-2
expels,2,,,,-2
exploit,2,,,,-2
exploited,2,,,,-2
exploiting,2,,,,-2
exploits,2,,,,-2
exploration,3,,,,1
explorations,3,,,,1
expose,2,,,,-1
exposed,2,,,,-1
exposes,2,,,,-1
exposing,2,,,,-1
extend,3,,,,1
extends,3,,,,1
exuberant,5,,,,4
exultant,4,,,,3
exultantly,4,,,,3
fabulous,5,,,,4
fad,2,,,,-2
fag,1,,,,-3
faggot,1,,,,-3
faggots,1,,,,-3
fail,2,,,,-2
failed,2,,,,-2
failing,2,,,,-2
fails,2,,,,-2
failure,2,,,,-2
failures,2,,,,-2
fainthearted,2,,,,-2
fair,4,,,,2
faith,3,,,,1
faithful,4,,,,3
fake,1,,,,-3
fakes,1,,,,-3
faking,1,,,,-3
fallen,2,,,,-2
falling,2,,,,-1
falsified,1,,,,-3
falsify,1,,,,-3
fame,3,,,,1
fan,4,,,,3
fantastic,5,,,,4
farce,2,,,,-1
fascinate,4,,,,3
fascinated,4,,,,3
fascinates,4,,,,3
fascinating,4,,,,3
fascist,2,,,,-2
fascists,2,,,,-2
fatalities,1,,,,-3
fatality,1,,,,-3
fatigue,2,,,,-2
fatigued,2,,,,-2
fatigues,2,,,,-2
fatiguing,2,,,,-2
favor,4,,,,2
favored,4,,,,2
favorite,4,,,,2
favorited,4,,,,2
favorites,4,,,,2
favors,4,,,,2
fear,2,,,,-2
fearful,2,,,,-2
fearing,2,,,,-2
fearless,4,,,,2
fearsome,2,,,,-2
fed up,1,,,,-3
feeble,2,,,,-2
feeling,3,,,,1
felonies,1,,,,-3
felony,1,,,,-3
fervent,4,,,,2
fervid,4,,,,2
festive,4,,,,2
fiasco,1,,,,-3
fidgety,2,,,,-2
fight,2,,,,-1
fine,4,,,,2
fire,2,,,,-2
fired,2,,,,-2
firing,2,,,,-2
fit,3,,,,1
fitness,3,,,,1
flagship,4,,,,2
flees,2,,,,-1
flop,2,,,,-2
flops,2,,,,-2
flu,2,,,,-2
flustered,2,,,,-2
focused,4,,,,2
fond,4,,,,2
fondness,4,,,,2
fool,2,,,,-2
foolish,2,,,,-2
fools,2,,,,-2
forced,2,,,,-1
foreclosure,2,,,,-2
foreclosures,2,,,,-2
forget,2,,,,-1
forgetful,2,,,,-2
forgive,3,,,,1
forgiving,3,,,,1
forgotten,2,,,,-1
fortunate,4,,,,2
frantic,2,,,,-1
fraud,1,,,,-4
frauds,1,,,,-4
fraudster,1,,,,-4
fraudsters,1,,,,-4
fraudulence,1,,,,-4
fraudulent,1,,,,-4
free,3,,,,1
freedom,4,,,,2
frenzy,1,,,,-3
fresh,3,,,,1
friendly,4,,,,2
fright,2,,,,-2
frightened,2,,,,-2
frightening,1,,,,-3
frikin,2,,,,-2
frisky,4,,,,2
frowning,2,,,,-1
frustrate,2,,,,-2
frustrated,2,,,,-2
frustrates,2,,,,-2
frustrating,2,,,,-2
frustration,2,,,,-2
ftw,4,,,,3
fuck,1,,,,-4
fucked,1,,,,-4
fucker,1,,,,-4
fuckers,1,,,,-4
fuckface,1,,,,-4
fuckhead,1,,,,-4
fucking,1,,,,-4
fucktard,1,,,,-4
fud,1,,,,-3
fuked,1,,,,-4
fuking,1,,,,-4
fulfill,4,,,,2
fulfilled,4,,,,2
fulfills,4,,,,2
fuming,2,,,,-2
fun,5,,,,4
funeral,2,,,,-1
funerals,2,,,,-1
funky,4,,,,2
funnier,5,,,,4
funny,5,,,,4
furious,1,,,,-3
futile,4,,,,2
gag,2,,,,-2
gagged,2,,,,-2
gain,4,,,,2
gained,4,,,,2
gaining,4,,,,2
gains,4,,,,2
gallant,4,,,,3
gallantly,4,,,,3
gallantry,4,,,,3
generous,4,,,,2
genial,4,,,,3
ghost,2,,,,-1
giddy,2,,,,-2
gift,4,,,,2
glad,4,,,,3
glamorous,4,,,,3
glamourous,4,,,,3
glee,4,,,,3
gleeful,4,,,,3
gloom,2,,,,-1
gloomy,2,,,,-2
glorious,4,,,,2
glory,4,,,,2
glum,2,,,,-2
god,3,,,,1
goddamn,1,,,,-3
godsend,5,,,,4
good,4,,,,3
goodness,4,,,,3
grace,3,,,,1
gracious,4,,,,3
grand,4,,,,3
grant,3,,,,1
granted,3,,,,1
granting,3,,,,1
grants,3,,,,1
grateful,4,,,,3
gratification,4,,,,2
grave,2,,,,-2
gray,2,,,,-1
great,4,,,,3
greater,4,,,,3
greatest,4,,,,3
greed,1,,,,-3
greedy,2,,,,-2
green wash,1,,,,-3
green washing,1,,,,-3
greenwash,1,,,,-3
greenwasher,1,,,,-3
greenwashers,1,,,,-3
greenwashing,1,,,,-3
greet,3,,,,1
greeted,3,,,,1
greeting,3,,,,1
greetings,4,,,,2
greets,3,,,,1
grey,2,,,,-1
grief,2,,,,-2
grieved,2,,,,-2
gross,2,,,,-2
growing,3,,,,1
growth,4,,,,2
guarantee,3,,,,1
guilt,1,,,,-3
guilty,1,,,,-3
gullibility,2,,,,-2
gullible,2,,,,-2
gun,2,,,,-1
ha,4,,,,2
hacked,2,,,,-1
haha,4,,,,3
hahaha,4,,,,3
hahahah,4,,,,3
hail,4,,,,2
hailed,4,,,,2
hapless,2,,,,-2
haplessness,2,,,,-2
happiness,4,,,,3
happy,4,,,,3
hard,2,,,,-1
hardier,4,,,,2
hardship,2,,,,-2
hardy,4,,,,2
harm,2,,,,-2
harmed,2,,,,-2
harmful,2,,,,-2
harming,2,,,,-2
harms,2,,,,-2
harried,2,,,,-2
harsh,2,,,,-2
harsher,2,,,,-2
harshest,2,,,,-2
hate,1,,,,-3
hated,1,,,,-3
haters,1,,,,-3
hates,1,,,,-3
hating,1,,,,-3
haunt,2,,,,-1
haunted,2,,,,-2
haunting,3,,,,1
haunts,2,,,,-1
havoc,2,,,,-2
healthy,4,,,,2
heartbreaking,1,,,,-3
heartbroken,1,,,,-3
heartfelt,4,,,,3
heaven,4,,,,2
heavenly,5,,,,4
heavyhearted,2,,,,-2
hell,1,,,,-4
help,4,,,,2
helpful,4,,,,2
helping,4,,,,2
helpless,2,,,,-2
helps,4,,,,2
hero,4,,,,2
heroes,4,,,,2
heroic,4,,,,3
hesitant,2,,,,-2
hesitate,2,,,,-2
hid,2,,,,-1
hide,2,,,,-1
hides,2,,,,-1
hiding,2,,,,-1
highlight,4,,,,2
hilarious,4,,,,2
hindrance,2,,,,-2
hoax,2,,,,-2
homesick,2,,,,-2
honest,4,,,,2
honor,4,,,,2
honored,4,,,,2
honoring,4,,,,2
honour,4,,,,2
honoured,4,,,,2
honouring,4,,,,2
hooligan,2,,,,-2
hooliganism,2,,,,-2
hooligans,2,,,,-2
hope,4,,,,2
hopeful,4,,,,2
hopefully,4,,,,2
hopeless,2,,,,-2
hopelessness,2,,,,-2
hopes,4,,,,2
hoping,4,,,,2
horrendous,1,,,,-3
horrible,1,,,,-3
horrific,1,,,,-3
horrified,1,,,,-3
hostile,2,,,,-2
huckster,2,,,,-2
hug,4,,,,2
huge,3,,,,1
hugs,4,,,,2
humerous,4,,,,3
humiliated,1,,,,-3
humiliation,1,,,,-3
humor,4,,,,2
humorous,4,,,,2
humour,4,,,,2
humourous,4,,,,2
hunger,2,,,,-2
hurrah,5,,,,5
hurt,2,,,,-2
hurting,2,,,,-2
hurts,2,,,,-2
hypocritical,2,,,,-2
hysteria,1,,,,-3
hysterical,1,,,,-3
hysterics,1,,,,-3
idiot,1,,,,-3
idiotic,1,,,,-3
ignorance,2,,,,-2
ignorant,2,,,,-2
ignore,2,,,,-1
ignored,2,,,,-2
ignores,2,,,,-1
ill,2,,,,-2
illegal,1,,,,-3
illiteracy,2,,,,-2
illness,2,,,,-2
illnesses,2,,,,-2
imbecile,1,,,,-3
immobilized,2,,,,-1
immortal,4,,,,2
immune,3,,,,1
impatient,2,,,,-2
imperfect,2,,,,-2
importance,4,,,,2
important,4,,,,2
impose,2,,,,-1
imposed,2,,,,-1
imposes,2,,,,-1
imposing,2,,,,-1
impotent,2,,,,-2
impress,4,,,,3
impressed,4,,,,3
impresses,4,,,,3
impressive,4,,,,3
imprisoned,2,,,,-2
improve,4,,,,2
improved,4,,,,2
improvement,4,,,,2
improves,4,,,,2
improving,4,,,,2
inability,2,,,,-2
inaction,2,,,,-2
inadequate,2,,,,-2
incapable,2,,,,-2
incapacitated,2,,,,-2
incensed,2,,,,-2
incompetence,2,,,,-2
incompetent,2,,,,-2
inconsiderate,2,,,,-2
inconvenience,2,,,,-2
inconvenient,2,,,,-2
increase,3,,,,1
increased,3,,,,1
indecisive,2,,,,-2
indestructible,4,,,,2
indifference,2,,,,-2
indifferent,2,,,,-2
indignant,2,,,,-2
indignation,2,,,,-2
indoctrinate,2,,,,-2
indoctrinated,2,,,,-2
indoctrinates,2,,,,-2
indoctrinating,2,,,,-2
ineffective,2,,,,-2
ineffectively,2,,,,-2
infatuated,4,,,,2
infatuation,4,,,,2
infected,2,,,,-2
inferior,2,,,,-2
inflamed,2,,,,-2
influential,4,,,,2
infringement,2,,,,-2
infuriate,2,,,,-2
infuriated,2,,,,-2
infuriates,2,,,,-2
infuriating,2,,,,-2
inhibit,2,,,,-1
injured,2,,,,-2
injury,2,,,,-2
injustice,2,,,,-2
innovate,3,,,,1
innovates,3,,,,1
innovation,3,,,,1
innovative,4,,,,2
inquisition,2,,,,-2
inquisitive,4,,,,2
insane,2,,,,-2
insanity,2,,,,-2
insecure,2,,,,-2
insensitive,2,,,,-2
insensitivity,2,,,,-2
insignificant,2,,,,-2
insipid,2,,,,-2
inspiration,4,,,,2
inspirational,4,,,,2
inspire,4,,,,2
inspired,4,,,,2
inspires,4,,,,2
inspiring,4,,,,3
insult,2,,,,-2
insulted,2,,,,-2
insulting,2,,,,-2
insults,2,,,,-2
intact,4,,,,2
integrity,4,,,,2
intelligent,4,,,,2
intense,3,,,,1
interest,3,,,,1
interested,4,,,,2
interesting,4,,,,2
interests,3,,,,1
interrogated,2,,,,-2
interrupt,2,,,,-2
interrupted,2,,,,-2
interrupting,2,,,,-2
interruption,2,,,,-2
interrupts,2,,,,-2
intimidate,2,,,,-2
intimidated,2,,,,-2
intimidates,2,,,,-2
intimidating,2,,,,-2
intimidation,2,,,,-2
intricate,4,,,,2
intrigues,3,,,,1
invincible,4,,,,2
invite,3,,,,1
inviting,3,,,,1
invulnerable,4,,,,2
irate,1,,,,-3
ironic,2,,,,-1
irony,2,,,,-1
irrational,2,,,,-1
irresistible,4,,,,2
irresolute,2,,,,-2
irresponsible,4,,,,2
irreversible,2,,,,-1
irritate,1,,,,-3
irritated,1,,,,-3
irritating,1,,,,-3
isolated,2,,,,-1
itchy,2,,,,-2
jackass,1,,,,-4
jackasses,1,,,,-4
jailed,2,,,,-2
jaunty,4,,,,2
jealous,2,,,,-2
jeopardy,2,,,,-2
jerk,1,,,,-3
jesus,3,,,,1
jewel,3,,,,1
jewels,3,,,,1
jocular,4,,,,2
join,3,,,,1
joke,4,,,,2
jokes,4,,,,2
jolly,4,,,,2
jovial,4,,,,2
joy,4,,,,3
joyful,4,,,,3
joyfully,4,,,,3
joyless,2,,,,-2
joyous,4,,,,3
jubilant,4,,,,3
jumpy,2,,,,-1
justice,4,,,,2
justifiably,4,,,,2
justified,4,,,,2
keen,3,,,,1
kill,1,,,,-3
killed,1,,,,-3
killing,1,,,,-3
kills,1,,,,-3
kind,4,,,,2
kinder,4,,,,2
kiss,4,,,,2
kudos,4,,,,3
lack,2,,,,-2
lackadaisical,2,,,,-2
lag,2,,,,-1
lagged,2,,,,-2
lagging,2,,,,-2
lags,2,,,,-2
lame,2,,,,-2
landmark,4,,,,2
laugh,3,,,,1
laughed,3,,,,1
laughing,3,,,,1
laughs,3,,,,1
laughting,3,,,,1
launched,3,,,,1
lawl,4,,,,3
lawsuit,2,,,,-2
lawsuits,2,,,,-2
lazy,2,,,,-1
leak,2,,,,-1
leaked,2,,,,-1
leave,2,,,,-1
legal,3,,,,1
legally,3,,,,1
lenient,3,,,,1
lethargic,2,,,,-2
lethargy,2,,,,-2
liar,1,,,,-3
liars,1,,,,-3
libelous,2,,,,-2
lied,2,,,,-2
lifesaver,5,,,,4
lighthearted,3,,,,1
like,4,,,,2
liked,4,,,,2
likes,4,,,,2
limitation,2,,,,-1
limited,2,,,,-1
limits,2,,,,-1
litigation,2,,,,-1
litigious,2,,,,-2
lively,4,,,,2
livid,2,,,,-2
lmao,5,,,,4
lmfao,5,,,,4
loathe,1,,,,-3
loathed,1,,,,-3
loathes,1,,,,-3
loathing,1,,,,-3
lobby,2,,,,-2
lobbying,2,,,,-2
lol,4,,,,3
lonely,2,,,,-2
lonesome,2,,,,-2
longing,2,,,,-1
loom,2,,,,-1
loomed,2,,,,-1
looming,2,,,,-1
looms,2,,,,-1
loose,1,,,,-3
looses,1,,,,-3
loser,1,,,,-3
losing,1,,,,-3
loss,1,,,,-3
lost,1,,,,-3
lovable,4,,,,3
love,4,,,,3
loved,4,,,,3
lovelies,4,,,,3
lovely,4,,,,3
loving,4,,,,2
lowest,2,,,,-1
loyal,4,,,,3
loyalty,4,,,,3
luck,4,,,,3
luckily,4,,,,3
lucky,4,,,,3
lugubrious,2,,,,-2
lunatic,1,,,,-3
lunatics,1,,,,-3
lurk,2,,,,-1
lurking,2,,,,-1
lurks,2,,,,-1
mad,1,,,,-3
maddening,1,,,,-3
made-up,2,,,,-1
madly,1,,,,-3
madness,1,,,,-3
mandatory,2,,,,-1
manipulated,2,,,,-1
manipulating,2,,,,-1
manipulation,2,,,,-1
marvel,4,,,,3
marvelous,4,,,,3
marvels,4,,,,3
masterpiece,5,,,,4
masterpieces,5,,,,4
matter,3,,,,1
matters,3,,,,1
mature,4,,,,2
meaningful,4,,,,2
meaningless,2,,,,-2
medal,4,,,,3
mediocrity,1,,,,-3
meditative,3,,,,1
melancholy,2,,,,-2
menace,2,,,,-2
menaced,2,,,,-2
mercy,4,,,,2
merry,4,,,,3
mess,2,,,,-2
messed,2,,,,-2
messing up,2,,,,-2
methodical,4,,,,2
mindless,2,,,,-2
miracle,5,,,,4
mirth,4,,,,3
mirthful,4,,,,3
mirthfully,4,,,,3
misbehave,2,,,,-2
misbehaved,2,,,,-2
misbehaves,2,,,,-2
misbehaving,2,,,,-2
mischief,2,,,,-1
mischiefs,2,,,,-1
miserable,1,,,,-3
misery,2,,,,-2
misgiving,2,,,,-2
misinformation,2,,,,-2
misinformed,2,,,,-2
misinterpreted,2,,,,-2
misleading,1,,,,-3
misread,2,,,,-1
misreporting,2,,,,-2
misrepresentation,2,,,,-2
miss,2,,,,-2
missed,2,,,,-2
missing,2,,,,-2
mistake,2,,,,-2
mistaken,2,,,,-2
mistakes,2,,,,-2
mistaking,2,,,,-2
misunderstand,2,,,,-2
misunderstanding,2,,,,-2
misunderstands,2,,,,-2
misunderstood,2,,,,-2
moan,2,,,,-2
moaned,2,,,,-2
moaning,2,,,,-2
moans,2,,,,-2
mock,2,,,,-2
mocked,2,,,,-2
mocking,2,,,,-2
mocks,2,,,,-2
mongering,2,,,,-2
monopolize,2,,,,-2
monopolized,2,,,,-2
monopolizes,2,,,,-2
monopolizing,2,,,,-2
moody,2,,,,-1
mope,2,,,,-1
moping,2,,,,-1
more,4,,,,3
motherfucker,0,,,,-5
motherfucking,0,,,,-5
motivate,3,,,,1
motivated,4,,,,2
motivating,4,,,,2
motivation,3,,,,1
mourn,2,,,,-2
mourned,2,,,,-2
mournful,2,,,,-2
mourning,2,,,,-2
mourns,2,,,,-2
mumpish,2,,,,-2
murder,2,,,,-2
murderer,2,,,,-2
murdering,1,,,,-3
murderous,1,,,,-3
murders,2,,,,-2
myth,2,,,,-1
n00b,2,,,,-2
naive,2,,,,-2
nasty,1,,,,-3
natural,3,,,,1
naïve,2,,,,-2
need,4,,,,3
negative,2,,,,-2
negativity,2,,,,-2
neglect,2,,,,-2
neglected,2,,,,-2
neglecting,2,,,,-2
neglects,2,,,,-2
nerves,2,,,,-1
nervous,2,,,,-2
nervously,2,,,,-2
nice,4,,,,3
nifty,4,,,,2
niggas,0,,,,-5
nigger,0,,,,-5
no,2,,,,-1
no fun,1,,,,-3
noble,4,,,,2
noisy,2,,,,-1
nonsense,2,,,,-2
noob,2,,,,-2
nosey,2,,,,-2
not good,2,,,,-2
not working,1,,,,-3
notorious,2,,,,-2
novel,4,,,,2
numb,2,,,,-1
nuts,1,,,,-3
obliterate,2,,,,-2
obliterated,2,,,,-2
obnoxious,1,,,,-3
obscene,2,,,,-2
obsessed,4,,,,2
obsolete,2,,,,-2
obstacle,2,,,,-2
obstacles,2,,,,-2
obstinate,2,,,,-2
odd,2,,,,-2
offend,2,,,,-2
offended,2,,,,-2
offender,2,,,,-2
offending,2,,,,-2
offends,2,,,,-2
offline,2,,,,-1
oks,4,,,,2
ominous,4,,,,3
once-in-a-lifetime,4,,,,3
opportunities,4,,,,2
opportunity,4,,,,2
oppressed,2,,,,-2
oppressive,2,,,,-2
optimism,4,,,,2
optimistic,4,,,,2
optionless,2,,,,-2
outcry,2,,,,-2
outmaneuvered,2,,,,-2
outrage,1,,,,-3
outraged,1,,,,-3
outreach,4,,,,2
outstanding,5,,,,5
overjoyed,5,,,,4
overload,2,,,,-1
overlooked,2,,,,-1
overreact,2,,,,-2
overreacted,2,,,,-2
overreaction,2,,,,-2
overreacts,2,,,,-2
oversell,2,,,,-2
overselling,2,,,,-2
oversells,2,,,,-2
oversimplification,2,,,,-2
oversimplified,2,,,,-2
oversimplifies,2,,,,-2
oversimplify,2,,,,-2
overstatement,2,,,,-2
overstatements,2,,,,-2
overweight,2,,,,-1
oxymoron,2,,,,-1
pain,2,,,,-2
pained,2,,,,-2
panic,1,,,,-3
panicked,1,,,,-3
panics,1,,,,-3
paradise,4,,,,3
paradox,2,,,,-1
pardon,4,,,,2
pardoned,4,,,,2
pardoning,4,,,,2
pardons,4,,,,2
parley,2,,,,-1
passionate,4,,,,2
passive,2,,,,-1
passively,2,,,,-1
pathetic,2,,,,-2
pay,2,,,,-1
peace,4,,,,2
peaceful,4,,,,2
peacefully,4,,,,2
penalty,2,,,,-2
pensive,2,,,,-1
perfect,4,,,,3
perfected,4,,,,2
perfectly,4,,,,3
perfects,4,,,,2
peril,2,,,,-2
perjury,1,,,,-3
perpetrator,2,,,,-2
perpetrators,2,,,,-2
perplexed,2,,,,-2
persecute,2,,,,-2
persecuted,2,,,,-2
persecutes,2,,,,-2
persecuting,2,,,,-2
perturbed,2,,,,-2
pesky,2,,,,-2
pessimism,2,,,,-2
pessimistic,2,,,,-2
petrified,2,,,,-2
phobic,2,,,,-2
picturesque,4,,,,2
pileup,2,,,,-1
pique,2,,,,-2
piqued,2,,,,-2
piss,1,,,,-4
pissed,1,,,,-4
pissing,1,,,,-3
piteous,2,,,,-2
pitied,2,,,,-1
pity,2,,,,-2
playful,4,,,,2
pleasant,4,,,,3
please,3,,,,1
pleased,4,,,,3
pleasure,4,,,,3
poised,2,,,,-2
poison,2,,,,-2
poisoned,2,,,,-2
poisons,2,,,,-2
pollute,2,,,,-2
polluted,2,,,,-2
polluter,2,,,,-2
polluters,2,,,,-2
pollutes,2,,,,-2
poor,2,,,,-2
poorer,2,,,,-2
poorest,2,,,,-2
popular,4,,,,3
positive,4,,,,2
positively,4,,,,2
possessive,2,,,,-2
postpone,2,,,,-1
postponed,2,,,,-1
postpones,2,,,,-1
postponing,2,,,,-1
poverty,2,,,,-1
powerful,4,,,,2
powerless,2,,,,-2
praise,4,,,,3
praised,4,,,,3
praises,4,,,,3
praising,4,,,,3
pray,3,,,,1
praying,3,,,,1
prays,3,,,,1
prblm,2,,,,-2
prblms,2,,,,-2
prepared,3,,,,1
pressure,2,,,,-1
pressured,2,,,,-2
pretend,2,,,,-1
pretending,2,,,,-1
pretends,2,,,,-1
pretty,3,,,,1
prevent,2,,,,-1
prevented,2,,,,-1
preventing,2,,,,-1
prevents,2,,,,-1
prick,0,,,,-5
prison,2,,,,-2
prisoner,2,,,,-2
prisoners,2,,,,-2
privileged,4,,,,2
proactive,4,,,,2
problem,2,,,,-2
problems,2,,,,-2
profiteer,2,,,,-2
progress,4,,,,2
prominent,4,,,,2
promise,3,,,,1
promised,3,,,,1
promises,3,,,,1
promote,3,,,,1
promoted,3,,,,1
promotes,3,,,,1
promoting,3,,,,1
propaganda,2,,,,-2
prosecute,2,,,,-1
prosecuted,2,,,,-2
prosecutes,2,,,,-1
prosecution,2,,,,-1
prospect,3,,,,1
prospects,3,,,,1
prosperous,4,,,,3
protect,3,,,,1
protected,3,,,,1
protects,3,,,,1
protest,2,,,,-2
protesters,2,,,,-2
protesting,2,,,,-2
protests,2,,,,-2
proud,4,,,,2
proudly,4,,,,2
provoke,2,,,,-1
provoked,2,,,,-1
provokes,2,,,,-1
provoking,2,,,,-1
pseudoscience,1,,,,-3
punish,2,,,,-2
punished,2,,,,-2
punishes,2,,,,-2
punitive,2,,,,-2
pushy,2,,,,-1
puzzled,2,,,,-2
quaking,2,,,,-2
questionable,2,,,,-2
questioned,2,,,,-1
questioning,2,,,,-1
racism,1,,,,-3
racist,1,,,,-3
racists,1,,,,-3
rage,2,,,,-2
rageful,2,,,,-2
rainy,2,,,,-1
rant,1,,,,-3
ranter,1,,,,-3
ranters,1,,,,-3
rants,1,,,,-3
rape,1,,,,-4
rapist,1,,,,-4
rapture,4,,,,2
raptured,4,,,,2
raptures,4,,,,2
rapturous,5,,,,4
rash,2,,,,-2
ratified,4,,,,2
reach,3,,,,1
reached,3,,,,1
reaches,3,,,,1
reaching,3,,,,1
reassure,3,,,,1
reassured,3,,,,1
reassures,3,,,,1
reassuring,4,,,,2
rebellion,2,,,,-2
recession,2,,,,-2
reckless,2,,,,-2
recommend,4,,,,2
recommended,4,,,,2
recommends,4,,,,2
redeemed,4,,,,2
refuse,2,,,,-2
refused,2,,,,-2
refusing,2,,,,-2
regret,2,,,,-2
regretful,2,,,,-2
regrets,2,,,,-2
regretted,2,,,,-2
regretting,2,,,,-2
reject,2,,,,-1
rejected,2,,,,-1
rejecting,2,,,,-1
rejects,2,,,,-1
rejoice,5,,,,4
rejoiced,5,,,,4
rejoices,5,,,,4
rejoicing,5,,,,4
relaxed,4,,,,2
relentless,2,,,,-1
reliant,4,,,,2
relieve,3,,,,1
relieved,4,,,,2
relieves,3,,,,1
relieving,4,,,,2
relishing,4,,,,2
remarkable,4,,,,2
remorse,2,,,,-2
repulse,2,,,,-1
repulsed,2,,,,-2
rescue,4,,,,2
rescued,4,,,,2
rescues,4,,,,2
resentful,2,,,,-2
resign,2,,,,-1
resigned,2,,,,-1
resigning,2,,,,-1
resigns,2,,,,-1
resolute,4,,,,2
resolve,4,,,,2
resolved,4,,,,2
resolves,4,,,,2
resolving,4,,,,2
respected,4,,,,2
responsible,4,,,,2
responsive,4,,,,2
restful,4,,,,2
restless,2,,,,-2
restore,3,,,,1
restored,3,,,,1
restores,3,,,,1
restoring,3,,,,1
restrict,2,,,,-2
restricted,2,,,,-2
restricting,2,,,,-2
restriction,2,,,,-2
restricts,2,,,,-2
retained,2,,,,-1
retard,2,,,,-2
retarded,2,,,,-2
retreat,2,,,,-1
revenge,2,,,,-2
revengeful,2,,,,-2
revered,4,,,,2
revive,4,,,,2
revives,4,,,,2
reward,4,,,,2
rewarded,4,,,,2
rewarding,4,,,,2
rewards,4,,,,2
rich,4,,,,2
ridiculous,1,,,,-3
rig,2,,,,-1
rigged,2,,,,-1
right direction,4,,,,3
rigorous,4,,,,3
rigorously,4,,,,3
riot,2,,,,-2
riots,2,,,,-2
risk,2,,,,-2
risks,2,,,,-2
rob,2,,,,-2
robber,2,,,,-2
robed,2,,,,-2
robing,2,,,,-2
robs,2,,,,-2
robust,4,,,,2
rofl,5,,,,4
roflcopter,5,,,,4
roflmao,5,,,,4
romance,4,,,,2
rotfl,5,,,,4
rotflmfao,5,,,,4
rotflol,5,,,,4
ruin,2,,,,-2
ruined,2,,,,-2
ruining,2,,,,-2
ruins,2,,,,-2
sabotage,2,,,,-2
sad,2,,,,-2
sadden,2,,,,-2
saddened,2,,,,-2
sadly,2,,,,-2
safe,3,,,,1
safely,3,,,,1
safety,3,,,,1
salient,3,,,,1
sappy,2,,,,-1
sarcastic,2,,,,-2
satisfied,4,,,,2
save,4,,,,2
saved,4,,,,2
scam,2,,,,-2
scams,2,,,,-2
scandal,1,,,,-3
scandalous,1,,,,-3
scandals,1,,,,-3
scapegoat,2,,,,-2
scapegoats,2,,,,-2
scare,2,,,,-2
scared,2,,,,-2
scary,2,,,,-2
sceptical,2,,,,-2
scold,2,,,,-2
scoop,4,,,,3
scorn,2,,,,-2
scornful,2,,,,-2
scream,2,,,,-2
screamed,2,,,,-2
screaming,2,,,,-2
screams,2,,,,-2
screwed,2,,,,-2
screwed up,1,,,,-3
scumbag,1,,,,-4
secure,4,,,,2
secured,4,,,,2
secures,4,,,,2
sedition,2,,,,-2
seditious,2,,,,-2
seduced,2,,,,-1
self-confident,4,,,,2
self-deluded,2,,,,-2
selfish,1,,,,-3
selfishness,1,,,,-3
sentence,2,,,,-2
sentenced,2,,,,-2
sentences,2,,,,-2
sentencing,2,,,,-2
serene,4,,,,2
severe,2,,,,-2
sexy,4,,,,3
shaky,2,,,,-2
shame,2,,,,-2
shamed,2,,,,-2
shameful,2,,,,-2
share,3,,,,1
shared,3,,,,1
shares,3,,,,1
shattered,2,,,,-2
shit,1,,,,-4
shithead,1,,,,-4
shitty,1,,,,-3
shock,2,,,,-2
shocked,2,,,,-2
shocking,2,,,,-2
shocks,2,,,,-2
shoot,2,,,,-1
short-sighted,2,,,,-2
short-sightedness,2,,,,-2
shortage,2,,,,-2
shortages,2,,,,-2
shrew,1,,,,-4
shy,2,,,,-1
sick,2,,,,-2
sigh,2,,,,-2
significance,3,,,,1
significant,3,,,,1
silencing,2,,,,-1
silly,2,,,,-1
similar,3,,,,0
sincere,4,,,,2
sincerely,4,,,,2
sincerest,4,,,,2
sincerity,4,,,,2
sinful,1,,,,-3
singleminded,2,,,,-2
skeptic,2,,,,-2
skeptical,2,,,,-2
skepticism,2,,,,-2
skeptics,2,,,,-2
slam,2,,,,-2
slash,2,,,,-2
slashed,2,,,,-2
slashes,2,,,,-2
slashing,2,,,,-2
slavery,1,,,,-3
sleeplessness,2,,,,-2
slick,4,,,,2
slicker,4,,,,2
slickest,4,,,,2
sluggish,2,,,,-2
slut,0,,,,-5
smart,3,,,,1
smarter,4,,,,2
smartest,4,,,,2
smear,2,,,,-2
smile,4,,,,2
smiled,4,,,,2
smiles,4,,,,2
smiling,4,,,,2
smog,2,,,,-2
sneaky,2,,,,-1
snub,2,,,,-2
snubbed,2,,,,-2
snubbing,2,,,,-2
snubs,2,,,,-2
sobering,3,,,,1
solemn,2,,,,-1
solid,4,,,,2
solidarity,4,,,,2
solution,3,,,,1
solutions,3,,,,1
solve,3,,,,1
solved,3,,,,1
solves,3,,,,1
solving,3,,,,1
somber,2,,,,-2
some kind,3,,,,0
son-of-a-bitch,0,,,,-5
soothe,4,,,,3
soothed,4,,,,3
soothing,4,,,,3
sophisticated,4,,,,2
sore,2,,,,-1
sorrow,2,,,,-2
sorrowful,2,,,,-2
sorry,2,,,,-1
spam,2,,,,-2
spammer,1,,,,-3
spammers,1,,,,-3
spamming,2,,,,-2
spark,3,,,,1
sparkle,4,,,,3
sparkles,4,,,,3
sparkling,4,,,,3
speculative,2,,,,-2
spirit,3,,,,1
spirited,4,,,,2
spiritless,2,,,,-2
spiteful,2,,,,-2
splendid,4,,,,3
sprightly,4,,,,2
squelched,2,,,,-1
stab,2,,,,-2
stabbed,2,,,,-2
stable,4,,,,2
stabs,2,,,,-2
stall,2,,,,-2
stalled,2,,,,-2
stalling,2,,,,-2
stamina,4,,,,2
stampede,2,,,,-2
startled,2,,,,-2
starve,2,,,,-2
starved,2,,,,-2
starves,2,,,,-2
starving,2,,,,-2
steadfast,4,,,,2
steal,2,,,,-2
steals,2,,,,-2
stereotype,2,,,,-2
stereotyped,2,,,,-2
stifled,2,,,,-1
stimulate,3,,,,1
stimulated,3,,,,1
stimulates,3,,,,1
stimulating,4,,,,2
stingy,2,,,,-2
stolen,2,,,,-2
stop,2,,,,-1
stopped,2,,,,-1
stopping,2,,,,-1
stops,2,,,,-1
stout,4,,,,2
straight,3,,,,1
strange,2,,,,-1
strangely,2,,,,-1
strangled,2,,,,-2
strength,4,,,,2
strengthen,4,,,,2
strengthened,4,,,,2
strengthening,4,,,,2
strengthens,4,,,,2
stressed,2,,,,-2
stressor,2,,,,-2
stressors,2,,,,-2
stricken,2,,,,-2
strike,2,,,,-1
strikers,2,,,,-2
strikes,2,,,,-1
strong,4,,,,2
stronger,4,,,,2
strongest,4,,,,2
struck,2,,,,-1
struggle,2,,,,-2
struggled,2,,,,-2
struggles,2,,,,-2
struggling,2,,,,-2
stubborn,2,,,,-2
stuck,2,,,,-2
stunned,2,,,,-2
stunning,5,,,,4
stupid,2,,,,-2
stupidly,2,,,,-2
suave,4,,,,2
substantial,3,,,,1
substantially,3,,,,1
subversive,2,,,,-2
success,4,,,,2
successful,4,,,,3
suck,1,,,,-3
sucks,1,,,,-3
suffer,2,,,,-2
suffering,2,,,,-2
suffers,2,,,,-2
suicidal,2,,,,-2
suicide,2,,,,-2
suing,2,,,,-2
sulking,2,,,,-2
sulky,2,,,,-2
sullen,2,,,,-2
sunshine,4,,,,2
super,4,,,,3
superb,5,,,,5
superior,4,,,,2
support,4,,,,2
supported,4,,,,2
supporter,3,,,,1
supporters,3,,,,1
supporting,3,,,,1
supportive,4,,,,2
supports,4,,,,2
survived,4,,,,2
surviving,4,,,,2
survivor,4,,,,2
suspect,2,,,,-1
suspected,2,,,,-1
suspecting,2,,,,-1
suspects,2,,,,-1
suspend,2,,,,-1
suspended,2,,,,-1
suspicious,2,,,,-2
swear,2,,,,-2
swearing,2,,,,-2
swears,2,,,,-2
sweet,4,,,,2
swift,4,,,,2
swiftly,4,,,,2
swindle,1,,,,-3
swindles,1,,,,-3
swindling,1,,,,-3
sympathetic,4,,,,2
sympathy,4,,,,2
tard,2,,,,-2
tears,2,,,,-2
tender,4,,,,2
tense,2,,,,-2
tension,2,,,,-1
terrible,1,,,,-3
terribly,1,,,,-3
terrific,5,,,,4
terrified,1,,,,-3
terror,1,,,,-3
terrorize,1,,,,-3
terrorized,1,,,,-3
terrorizes,1,,,,-3
thank,4,,,,2
thankful,4,,,,2
thanks,4,,,,2
thorny,2,,,,-2
thoughtful,4,,,,2
thoughtless,2,,,,-2
threat,2,,,,-2
threaten,2,,,,-2
threatened,2,,,,-2
threatening,2,,,,-2
threatens,2,,,,-2
threats,2,,,,-2
thrilled,5,,,,5
thwart,2,,,,-2
thwarted,2,,,,-2
thwarting,2,,,,-2
thwarts,2,,,,-2
timid,2,,,,-2
timorous,2,,,,-2
tired,2,,,,-2
tits,2,,,,-2
tolerant,4,,,,2
toothless,2,,,,-2
top,4,,,,2
tops,4,,,,2
torn,2,,,,-2
torture,1,,,,-4
tortured,1,,,,-4
tortures,1,,,,-4
torturing,1,,,,-4
totalitarian,2,,,,-2
totalitarianism,2,,,,-2
tout,2,,,,-2
touted,2,,,,-2
touting,2,,,,-2
touts,2,,,,-2
tragedy,2,,,,-2
tragic,2,,,,-2
tranquil,4,,,,2
trap,2,,,,-1
trapped,2,,,,-2
trauma,1,,,,-3
traumatic,1,,,,-3
travesty,2,,,,-2
treason,1,,,,-3
treasonous,1,,,,-3
treasure,4,,,,2
treasures,4,,,,2
trembling,2,,,,-2
tremulous,2,,,,-2
tricked,2,,,,-2
trickery,2,,,,-2
triumph,5,,,,4
triumphant,5,,,,4
trouble,2,,,,-2
troubled,2,,,,-2
troubles,2,,,,-2
TRUE,4,,,,2
trust,3,,,,1
trusted,4,,,,2
tumor,2,,,,-2
twat,0,,,,-5
ugly,1,,,,-3
unacceptable,2,,,,-2
unappreciated,2,,,,-2
unapproved,2,,,,-2
unaware,2,,,,-2
unbelievable,2,,,,-1
unbelieving,2,,,,-1
unbiased,4,,,,2
uncertain,2,,,,-1
unclear,2,,,,-1
uncomfortable,2,,,,-2
unconcerned,2,,,,-2
unconfirmed,2,,,,-1
unconvinced,2,,,,-1
uncredited,2,,,,-1
undecided,2,,,,-1
underestimate,2,,,,-1
underestimated,2,,,,-1
underestimates,2,,,,-1
underestimating,2,,,,-1
undermine,2,,,,-2
undermined,2,,,,-2
undermines,2,,,,-2
undermining,2,,,,-2
undeserving,2,,,,-2
undesirable,2,,,,-2
uneasy,2,,,,-2
unemployment,2,,,,-2
unequal,2,,,,-1
unequaled,4,,,,2
unethical,2,,,,-2
unfair,2,,,,-2
unfocused,2,,,,-2
unfulfilled,2,,,,-2
unhappy,2,,,,-2
unhealthy,2,,,,-2
unified,3,,,,1
unimpressed,2,,,,-2
unintelligent,2,,,,-2
united,3,,,,1
unjust,2,,,,-2
unlovable,2,,,,-2
unloved,2,,,,-2
unmatched,3,,,,1
unmotivated,2,,,,-2
unprofessional,2,,,,-2
unresearched,2,,,,-2
unsatisfied,2,,,,-2
unsecured,2,,,,-2
unsettled,2,,,,-1
unsophisticated,2,,,,-2
unstable,2,,,,-2
unstoppable,4,,,,2
unsupported,2,,,,-2
unsure,2,,,,-1
untarnished,4,,,,2
unwanted,2,,,,-2
unworthy,2,,,,-2
upset,2,,,,-2
upsets,2,,,,-2
upsetting,2,,,,-2
uptight,2,,,,-2
urgent,2,,,,-1
useful,4,,,,2
usefulness,4,,,,2
useless,2,,,,-2
uselessness,2,,,,-2
vague,2,,,,-2
validate,3,,,,1
validated,3,,,,1
validates,3,,,,1
validating,3,,,,1
verdict,2,,,,-1
verdicts,2,,,,-1
vested,3,,,,1
vexation,2,,,,-2
vexing,2,,,,-2
vibrant,4,,,,3
vicious,2,,,,-2
victim,1,,,,-3
victimize,1,,,,-3
victimized,1,,,,-3
victimizes,1,,,,-3
victimizing,1,,,,-3
victims,1,,,,-3
vigilant,4,,,,3
vile,1,,,,-3
vindicate,4,,,,2
vindicated,4,,,,2
vindicates,4,,,,2
vindicating,4,,,,2
violate,2,,,,-2
violated,2,,,,-2
violates,2,,,,-2
violating,2,,,,-2
violence,1,,,,-3
violent,1,,,,-3
virtuous,4,,,,2
virulent,2,,,,-2
vision,3,,,,1
visionary,4,,,,3
visioning,3,,,,1
visions,3,,,,1
vitality,4,,,,3
vitamin,3,,,,1
vitriolic,1,,,,-3
vivacious,4,,,,3
vociferous,2,,,,-1
vulnerability,2,,,,-2
vulnerable,2,,,,-2
walkout,2,,,,-2
walkouts,2,,,,-2
wanker,1,,,,-3
want,3,,,,1
war,2,,,,-2
warfare,2,,,,-2
warm,3,,,,1
warmth,4,,,,2
warn,2,,,,-2
warned,2,,,,-2
warning,1,,,,-3
warnings,1,,,,-3
warns,2,,,,-2
waste,2,,,,-1
wasted,2,,,,-2
wasting,2,,,,-2
wavering,2,,,,-1
weak,2,,,,-2
weakness,2,,,,-2
wealth,4,,,,3
wealthy,4,,,,2
weary,2,,,,-2
weep,2,,,,-2
weeping,2,,,,-2
weird,2,,,,-2
welcome,4,,,,2
welcomed,4,,,,2
welcomes,4,,,,2
whimsical,3,,,,1
whitewash,1,,,,-3
whore,1,,,,-4
wicked,2,,,,-2
widowed,2,,,,-1
willingness,4,,,,2
win,5,,,,4
winner,5,,,,4
winning,5,,,,4
wins,5,,,,4
winwin,4,,,,3
wish,3,,,,1
wishes,3,,,,1
wishing,3,,,,1
withdrawal,1,,,,-3
woebegone,2,,,,-2
woeful,1,,,,-3
won,4,,,,3
wonderful,5,,,,4
woo,4,,,,3
woohoo,4,,,,3
wooo,5,,,,4
woow,5,,,,4
worn,2,,,,-1
worried,1,,,,-3
worry,1,,,,-3
worrying,1,,,,-3
worse,1,,,,-3
worsen,1,,,,-3
worsened,1,,,,-3
worsening,1,,,,-3
worsens,1,,,,-3
worshiped,4,,,,3
worst,1,,,,-3
worth,4,,,,2
worthless,2,,,,-2
worthy,4,,,,2
wow,5,,,,4
wowow,5,,,,4
wowww,5,,,,4
wrathful,1,,,,-3
wreck,2,,,,-2
wrong,2,,,,-2
wronged,2,,,,-2
wtf,1,,,,-4
yeah,3,,,,1
yearning,3,,,,1
yeees,4,,,,2
yes,3,,,,1
youthful,4,,,,2
yucky,2,,,,-2
yummy,,,,,3
zealot,,,,,-2
zealots,,,,,-2
zealous,,,,,2
